id,first_name,last_name,email,status,can_login,date_of_birth,preferred_name,phonetic_name,pronouns,gender
0501440c-0114-5d53-bb84-3db3dea7335c,Al,Roseweir,al.roseweir@crm-seed-data.abc,active,True,1967-06-28,,,he/him,Male
0a00439f-76ff-5fae-b93c-22540659582e,Carly,James,carly.james@crm-seed-data.abc,active,True,1966-03-18,,,they/them,Non-binary
cdc701e9-8c9d-5013-a8ce-96656d840406,Hayley,Godfrey,hayley.godfrey@crm-seed-data.abc,active,True,,,,she/her,Female
06992024-2cc2-5a57-a9e6-e6adaded018e,Louise,Shepherd,louise.shepherd@crm-seed-data.abc,active,True,,,,,
9a350f2f-c1fa-51a0-bc24-7ec6a370b01b,Leanne,Briggs,leanne.briggs@crm-seed-data.abc,active,True,1954-08-26,,,,
676d2791-cc38-5d3c-971b-c03280df17da,Harry,Davies,harry.davies@crm-seed-data.abc,active,True,1957-02-05,,,,
7e273cfc-ef90-5840-b7cc-e6b4d995ea42,Ruth,Nolan,ruth.nolan@crm-seed-data.abc,active,True,1967-02-11,,,she/her,Female
41bc09ce-2a8f-5148-8050-00047e6dc98e,Rosie,Ali,rosie.ali@crm-seed-data.abc,active,True,,,,they/them,Non-binary
82215045-ac74-5993-898d-42cbfb3c6344,Abdul,Gibbons,abdul.gibbons@crm-seed-data.abc,active,True,,,,,
5c37cdb8-6b22-58b6-a889-485dc31d5c05,Henry,Collins,henry.collins@crm-seed-data.abc,active,True,,Brandon,,he/him,Male
7f024ebd-5a64-5afe-b292-4d01fd190f50,Connor,Smith,connor.smith@crm-seed-data.abc,active,True,,,,she/her,Female
9df7b8bf-351b-5e30-89a6-82005d1a179f,Leslie,Barnes,leslie.barnes@crm-seed-data.abc,active,True,1965-02-22,Roy,,,
9812d956-d5e4-5d7e-8612-28026dcd072f,Bruce,Khan,bruce.khan@crm-seed-data.abc,active,True,,,,,
85c08c7b-ff28-59f3-afb5-94373e48830e,Mandy,Welch,mandy.welch@crm-seed-data.abc,active,True,,,,,
95d21cc9-763d-51eb-9964-f9a3daa87e3b,Anna,Howells,anna.howells@crm-seed-data.abc,active,True,,,,,
8561f6b4-a461-5a0f-9bd7-cc73526e73bb,Brandon,Browne,brandon.browne@crm-seed-data.abc,active,True,1977-10-02,,,,
59cce8c2-3411-5823-bb4b-1b5c9ad186eb,Edward,Clarke,edward.clarke@crm-seed-data.abc,active,True,,,,they/them,Non-binary
87fa71b1-aac6-536c-bf04-3d8fdc6b1282,Elliott,Wilson,elliott.wilson@crm-seed-data.abc,active,True,,,,they/them,Non-binary
47dfaa82-3c6b-5e14-9fe7-e13640a5db9b,Daniel,Miller,daniel.miller@crm-seed-data.abc,active,True,,,,she/her,Female
c4e44d3e-20ae-5443-804d-353533332e60,Amy,Marshall,amy.marshall@crm-seed-data.abc,active,True,1996-05-30,,,,
0ba917eb-3677-5b87-a202-950180d75fb9,Aaron,Harrison,aaron.harrison@crm-seed-data.abc,active,True,,,,she/her,Female
e6ed36bc-ca38-5f36-b58f-dcb6e544cb93,Gavin,Williams,gavin.williams@crm-seed-data.abc,active,True,1978-10-21,Kelly,,,
1d3f89bf-5ddb-5aad-8069-0d4aa57e4722,Kathryn,Simpson,kathryn.simpson@crm-seed-data.abc,active,True,,,,she/her,Female
d17408e6-e69b-5e70-84d5-7a78a69b0511,Megan,Shah,megan.shah@crm-seed-data.abc,active,True,1964-07-31,,,,
d596feae-e6d9-57f5-af88-aaf40d976564,Kate,Chambers,kate.chambers@crm-seed-data.abc,active,True,1993-10-24,Maria,,she/her,Female
4b1919f6-449e-5c65-879b-2252f8022b9b,Shane,Evans,shane.evans@crm-seed-data.abc,active,True,1956-05-27,,,,
cf2f656e-0260-56fe-9467-7514019dca3b,Rachael,Garner,rachael.garner@crm-seed-data.abc,active,True,,Christian,,he/him,Male
c2fa7270-6900-5480-88ba-997f55f702cb,Grace,Campbell,grace.campbell@crm-seed-data.abc,active,True,1971-03-07,,,,
a0517e92-fe0f-56cb-b503-c0c83c6388e1,Callum,Davies,callum.davies@crm-seed-data.abc,active,True,,,,,
dbf82876-f28a-5d7a-a26c-2afde512e303,Leigh,Preston,leigh.preston@crm-seed-data.abc,active,True,1989-03-30,,,,
e2684d1f-12e6-593e-a215-c6841c1c0a39,Debra,Allen,debra.allen@crm-seed-data.abc,active,True,,Karen,,he/him,Male
c131d73a-0531-5d67-b85a-8f322fb0b69a,Tina,Dobson,tina.dobson@crm-seed-data.abc,active,True,1966-07-24,,,he/him,Male
a4874405-be60-516b-ab41-d592efe48b91,Ross,Hughes,ross.hughes@crm-seed-data.abc,active,True,,,,,
b27432a5-ba16-54d0-962a-9888d43baf1e,Jake,Elliott,jake.elliott@crm-seed-data.abc,active,True,1983-01-17,,,,
883ad074-9359-5c05-91cf-de363b036a85,Lynn,O'Donnell,lynn.o'donnell@crm-seed-data.abc,active,True,1973-01-09,,,,
91ab2e53-2248-5260-9dad-cb2328e3749b,Edward,O'Brien,edward.o'brien@crm-seed-data.abc,active,True,1963-05-06,,,,
465ffae9-67c5-500d-95d8-fc2f4cfcee66,Allan,Howard,allan.howard@crm-seed-data.abc,active,True,,,,,
8735a13c-5a9b-547f-967d-a1fc5ba4a9f6,Rosemary,McDonald,rosemary.mcdonald@crm-seed-data.abc,active,True,1960-06-29,,,,
0a07e29f-8005-553e-9ff2-137415634b78,Chloe,Taylor,chloe.taylor@crm-seed-data.abc,active,True,2000-07-09,Carole,,,
7a7397f0-de78-5e21-bb48-a100ece9ca0f,Maria,Wilson,maria.wilson@crm-seed-data.abc,active,True,1957-09-14,,,they/them,Non-binary
98692391-b905-5d20-b106-668a3bf5261b,Liam,Manning,liam.manning@crm-seed-data.abc,active,True,1982-01-30,Catherine,,,
1ec5c14c-59f9-599a-9fc4-23008d29354a,Brenda,John,brenda.john@crm-seed-data.abc,active,True,1993-09-27,,,she/her,Female
16171277-0225-5774-8d63-abb743257d86,Christian,Ford,christian.ford@crm-seed-data.abc,active,True,1954-07-25,,,,
4bda4f72-11f0-5651-a079-6d71111a267d,Ryan,Ward,ryan.ward@crm-seed-data.abc,active,True,,Glenn,,she/her,Female
a41605e3-deb1-549a-85c9-9e623ce74975,Declan,Moore,declan.moore@crm-seed-data.abc,active,True,,,,,
749448bd-f9d3-50f1-bc98-1c80b2d1db58,Lynne,James,lynne.james@crm-seed-data.abc,active,True,,,,,
78f30369-838a-5c62-b1a4-2c22362b423e,Beth,Green,beth.green@crm-seed-data.abc,active,True,1953-09-18,,,,
9640e768-eb89-582f-968e-25d1324bba64,Tony,Pope,tony.pope@crm-seed-data.abc,active,True,2004-09-12,,,,
2cf80426-ea77-5450-88c6-92ac56a5e244,Gail,Spencer,gail.spencer@crm-seed-data.abc,active,True,1986-07-30,,,he/him,Male
b94bfeb4-273a-578a-bc67-2eda9be44306,Karen,Evans,karen.evans@crm-seed-data.abc,active,True,1980-11-20,,,,
429bf62c-b37f-55c0-a176-dbb513564535,Samantha,Hudson,samantha.hudson@crm-seed-data.abc,active,True,,,,they/them,Non-binary
06cea260-a8dd-53d9-93a4-0a5a47de755e,Howard,Nelson,howard.nelson@crm-seed-data.abc,active,True,1973-05-13,,,,
46cd9ac7-10c0-5d0d-8c78-84f28137fd89,Kevin,Stewart,kevin.stewart@crm-seed-data.abc,active,True,1995-01-05,Stacey,,she/her,Female
b311cab3-f0c5-5d5b-b932-8e8c1aa10e3b,Ruth,Price,ruth.price@crm-seed-data.abc,active,True,,,,she/her,Female
2ed0f6b7-8165-5709-a112-47fcd13a3b82,Jay,Allen,jay.allen@crm-seed-data.abc,active,True,,,,,
f0676f5d-b64c-527e-9fe4-801b44eddb83,Gail,Allen,gail.allen@crm-seed-data.abc,active,True,1967-09-05,Natalie,,he/him,Male
5d74374f-958a-5e5d-a908-353a60981f22,Gemma,Kay,gemma.kay@crm-seed-data.abc,active,True,1995-12-17,,,he/him,Male
14ef1547-518d-5163-8234-c8c850269841,Amanda,Patel,amanda.patel@crm-seed-data.abc,active,True,,,,he/him,Male
d37607d9-4dcb-55ee-a855-bcfbb12ab52b,Jeffrey,Watts,jeffrey.watts@crm-seed-data.abc,active,True,,Louise,,she/her,Female
fe392ae7-2066-5f45-8dba-451abe6a6b22,Gail,Griffin,gail.griffin@crm-seed-data.abc,active,True,1999-01-10,,,,
bcd4e50d-a086-51aa-bf4a-6a3b0cb208e7,Irene,Stephenson,irene.stephenson@crm-seed-data.abc,active,True,,,,,
19cdfe76-77ee-5b64-ab74-64cb5b155900,Bethan,Thornton,bethan.thornton@crm-seed-data.abc,active,True,,,,he/him,Male
b2bb188b-41c1-528c-bf27-379b78187379,Donna,Burrows,donna.burrows@crm-seed-data.abc,active,True,1989-01-22,,,he/him,Male
6cc39d05-66f9-584b-bd89-ca166f1c7ac1,Sally,Holland,sally.holland@crm-seed-data.abc,active,True,,Mandy,,,
e720385b-ae15-5bf0-b2f7-35cf3f25de8f,Carole,Moran,carole.moran@crm-seed-data.abc,active,True,1970-07-11,,,,
16ec0249-98cd-59e0-a3e0-ad8ceb1f96e5,Jason,Elliott,jason.elliott@crm-seed-data.abc,active,True,1980-09-12,,,he/him,Male
c8360ad1-e880-50c0-b615-0ddd1203d00b,Mathew,Johnson,mathew.johnson@crm-seed-data.abc,active,True,1979-12-13,,,they/them,Non-binary
4a721be8-77cb-5a60-940f-0801b137117c,Suzanne,Wilkinson,suzanne.wilkinson@crm-seed-data.abc,active,True,1957-10-18,,,,
895c7f58-c5d9-5c2e-95f2-ca0518ad3eb7,Connor,Jones,connor.jones@crm-seed-data.abc,active,True,1962-08-07,,,he/him,Male
3fca11cb-99fd-5a1b-9a30-7658d15b1c10,Maureen,McKenzie,maureen.mckenzie@crm-seed-data.abc,active,True,1962-07-03,,,he/him,Male
41b96f4a-b33f-5f91-bb0f-ccc37ce3c7b0,Pauline,Barnes,pauline.barnes@crm-seed-data.abc,active,True,1982-07-29,,,he/him,Male
024caeed-bb19-5387-906e-d34bf78859a6,Maurice,Williams,maurice.williams@crm-seed-data.abc,active,True,1970-05-16,Dylan,,she/her,Female
5b10e6c6-ddea-58cb-a783-ab585fd5e556,Carl,Owen,carl.owen@crm-seed-data.abc,active,True,,,,he/him,Male
634be0ee-3d03-58d0-9640-1b843956564f,Vanessa,Higgins,vanessa.higgins@crm-seed-data.abc,active,True,1998-02-14,,,,
b70cf02f-488c-568e-b32f-8bda4aa819cd,Mohammed,Young,mohammed.young@crm-seed-data.abc,active,True,,,,they/them,Non-binary
76ffa814-d320-57b5-8314-c4012dda389a,Mandy,Benson,mandy.benson@crm-seed-data.abc,active,True,,Josephine,,,
d5997255-7316-5024-9d45-211aaeea9a2a,Justin,Jones,justin.jones@crm-seed-data.abc,active,True,1994-08-30,,,she/her,Female
91541cfb-71f6-5901-a9e6-e7139d8590de,David,Walker,david.walker@crm-seed-data.abc,active,True,1982-01-19,,,she/her,Female
6b7e2826-a475-5c7e-bc8c-2ee354257b3f,Sheila,Mann,sheila.mann@crm-seed-data.abc,active,True,1979-09-16,,,,
0b284ea0-8e95-5216-92d3-752a9727a891,Emily,Pearce,emily.pearce@crm-seed-data.abc,active,True,,Carl,,,
d531aed9-dbfb-594e-8d48-fbaa3a36b7bd,Jessica,Berry,jessica.berry@crm-seed-data.abc,active,True,1999-07-01,,,he/him,Male
d17e9bbf-1ad5-5999-88c9-c8e9dc916776,Cheryl,Stone,cheryl.stone@crm-seed-data.abc,active,True,1994-04-30,Natalie,,she/her,Female
53a6d0dd-0b2f-59d4-b691-f85c37d7b210,Mark,Cook,mark.cook@crm-seed-data.abc,active,True,,,,,
fd15ce84-3ca2-5142-ac50-441d79e214f3,Ashley,Thorpe,ashley.thorpe@crm-seed-data.abc,active,True,1987-08-08,,,she/her,Female
1559961b-7df6-58c6-8135-3d22a69ecdc9,Jill,Roberts,jill.roberts@crm-seed-data.abc,active,True,,Sara,,,
906fa1de-2436-5b76-8a37-2b492eeb96c4,Christian,Clark,christian.clark@crm-seed-data.abc,active,True,,Jemma,,he/him,Male
dd2220b7-1335-59dd-9c38-fc6044e2ab06,Jennifer,Cooper,jennifer.cooper@crm-seed-data.abc,active,True,1969-07-03,Roy,,,
dbab6365-f1c9-5df9-88e2-cd9edcc0b38f,Marcus,Oliver,marcus.oliver@crm-seed-data.abc,active,True,,Jill,,he/him,Male
1c107f8b-d6fa-537d-acf4-a193c3fb0d49,Nathan,Kent,nathan.kent@crm-seed-data.abc,active,True,1976-05-14,,,they/them,Non-binary
cc43eeaa-d238-550e-8332-4328a9e814c3,Mohamed,Pratt,mohamed.pratt@crm-seed-data.abc,active,True,1969-01-25,,,he/him,Male
f74d2c51-c64a-5398-99b5-49fbfb97aad8,Donald,Marshall,login-f74d2c51@crm-seed-data.abc,active,True,2019-12-14,,,he/him,Male
1d66991d-a57a-5703-84ea-5f4a1cee6720,Beth,Hall,login-1d66991d@crm-seed-data.abc,active,True,2018-08-29,Lynn,,,
2f55596a-8dad-5e3a-8d84-89b2547366ae,Amy,Robertson,login-2f55596a@crm-seed-data.abc,active,True,2011-06-20,,,,
461032da-a32f-5bc3-b06f-3fe3b8cd7b5e,Martin,Hall,login-461032da@crm-seed-data.abc,active,True,,,,,
8c9fd75a-10ee-5a7c-9642-1e51120b1b8b,David,Green,login-8c9fd75a@crm-seed-data.abc,active,True,2020-09-06,,,they/them,Non-binary
8e6b08c4-55fa-5a73-b291-1b1eda2e4929,Leanne,Wilson,login-8e6b08c4@crm-seed-data.abc,active,True,2011-01-30,Carly,,,
0aa1ec0d-62d0-55bf-ae6f-921eadb1888e,Kelly,Lawrence,login-0aa1ec0d@crm-seed-data.abc,active,True,2012-11-09,Andrea,,,
3fdbd2d6-1c5b-559b-8ec8-34a141820de4,Eileen,Hobbs,login-3fdbd2d6@crm-seed-data.abc,active,True,,,,they/them,Non-binary
c49c9a46-1b35-51db-b88f-1b7d5fe50a10,Jayne,Clark,login-c49c9a46@crm-seed-data.abc,active,True,2020-05-03,,,,
c3aa2b2e-9e8c-57c7-98c4-cd7189ca037a,Margaret,Lane,login-c3aa2b2e@crm-seed-data.abc,active,True,2012-05-04,,,,
913fe2cc-71a0-50ef-a0e8-4c7da5b2753d,Naomi,Wood,login-913fe2cc@crm-seed-data.abc,active,True,2015-12-04,,,,
7dabfe88-6c0a-5db1-a333-de0f73d4184d,Wendy,Harrison,login-7dabfe88@crm-seed-data.abc,active,True,2011-03-29,,,they/them,Non-binary
b9e69b94-8dc0-5f90-8a8f-70cecc13909e,Donald,Bates,login-b9e69b94@crm-seed-data.abc,active,True,2011-01-21,,,she/her,Female
62161118-b953-595c-b7cf-4f4a50b36533,Lesley,Smith,login-62161118@crm-seed-data.abc,active,True,2009-04-24,,,he/him,Male
c2d561e0-33b8-5935-ae38-e8efce352a35,Katie,Shaw,login-c2d561e0@crm-seed-data.abc,active,True,2010-07-26,Glen,,she/her,Female
910eeae8-6bf9-53cc-8ca9-2c0ea6802d74,Lisa,Johnson,login-910eeae8@crm-seed-data.abc,active,True,2015-10-16,Stacey,,,
95018112-2880-50f6-bcbc-db8ccebb730d,Mandy,Reid,login-95018112@crm-seed-data.abc,active,True,2014-11-14,,,they/them,Non-binary
b28ab7b9-4aec-5e0c-aa3b-e387fa52440a,Hugh,Porter,login-b28ab7b9@crm-seed-data.abc,active,True,,,,,
0f7f0c90-c6b9-516b-ad0d-ddd6c3ab5084,Janice,Ahmed,login-0f7f0c90@crm-seed-data.abc,active,True,2011-07-06,,,,
e328cff8-2e93-5845-82f7-0d1828576a87,Joyce,Smith,login-e328cff8@crm-seed-data.abc,active,True,2018-01-02,,,they/them,Non-binary
96bbe691-73f2-5852-ae71-bbaa11060bf1,Timothy,Taylor,login-96bbe691@crm-seed-data.abc,active,True,,,,she/her,Female
428b2e7c-15e7-572d-aa8d-d2eff0325e32,Katherine,Duffy,login-428b2e7c@crm-seed-data.abc,active,True,2020-07-08,,,,
2055dcc8-1609-575b-937f-e46921ab2044,Dale,Fisher,login-2055dcc8@crm-seed-data.abc,active,True,2013-08-24,,,they/them,Non-binary
7ffeecfb-b957-590f-8e7c-94548d7adb7b,Shane,Francis,login-7ffeecfb@crm-seed-data.abc,active,True,2017-03-08,,,,
4e9a56b8-266a-5796-a8b6-4bc0281e2d55,Carole,Holden,login-4e9a56b8@crm-seed-data.abc,active,True,,Joanna,,she/her,Female
fb163a89-7ca0-5d98-afb4-909a21f4fc12,Ellie,Brown,login-fb163a89@crm-seed-data.abc,active,True,,,,,
7ac59208-9281-5c4e-ac4d-98f129561f07,Graeme,Dale,login-7ac59208@crm-seed-data.abc,active,True,,,,,
7ae7c623-fb0b-5233-8233-990f03955928,Adam,Harris,login-7ae7c623@crm-seed-data.abc,active,True,,,,,
4ce4bf63-98f6-560d-82a1-6f1f106af397,Tracey,Ford,login-4ce4bf63@crm-seed-data.abc,active,True,,,,he/him,Male
cac1d39f-5afd-5336-b132-195bc6adc9aa,Pauline,Sullivan,login-cac1d39f@crm-seed-data.abc,active,True,,,,she/her,Female
