id,contact_id,address_type,line1,line2,city,region,postcode,country,start_date,end_date
c060e7c7-6b72-5f76-855b-fd8d7325d5c6,0501440c-0114-5d53-bb84-3db3dea7335c,home,"Flat 6
Janet mill",,Bethanyfort,Shropshire,NW2R 6BR,United Kingdom,2026-01-01,
5adb3214-a3c9-5264-b317-550533a1f816,cdc701e9-8c9d-5013-a8ce-96656d840406,home,595 Jenkins cliffs,,New Jacqueline,Greater Manchester,N0F 0FS,United Kingdom,2026-01-01,
11ff459b-f51f-5e29-b58a-0055c4e6ebe7,06992024-2cc2-5a57-a9e6-e6adaded018e,home,896 Jones point,,West Georgia,Aberdeenshire,N4 5NJ,United Kingdom,2026-01-01,
a5ea1c09-ba71-538c-937c-798ee510410d,9a350f2f-c1fa-51a0-bc24-7ec6a370b01b,home,1 O'Brien islands,,Natashamouth,East Ayrshire,N66 8LF,United Kingdom,2026-01-01,
71d509b2-8296-506b-8726-c323fb618375,676d2791-cc38-5d3c-971b-c03280df17da,home,"Studio 7
Francis heights",,Dalemouth,Angus,B1 8LU,United Kingdom,2026-01-01,
9f6ff536-ee43-5420-8d31-0421432098b4,41bc09ce-2a8f-5148-8050-00047e6dc98e,home,1 Sara view,,Boyleberg,Radnorshire,SY4 7FU,United Kingdom,2026-01-01,
b51e87da-ade0-59ce-953b-658b78fd7215,82215045-ac74-5993-898d-42cbfb3c6344,home,770 Jason bypass,,West Clive,Carmarthenshire,EH3W 0NQ,United Kingdom,2026-01-01,
15de4b6c-56e6-53df-bc06-1e5a51dfc111,5c37cdb8-6b22-58b6-a889-485dc31d5c05,home,"Studio 6
Nigel common",,East Henryside,Monmouthshire,N1B 3JH,United Kingdom,2026-01-01,
8b231fce-3cc4-5755-9364-ef94db4fcd56,7f024ebd-5a64-5afe-b292-4d01fd190f50,home,"Flat 65y
Kate pike",,Jayneburgh,Northamptonshire,DH4Y 2QZ,United Kingdom,2026-01-01,
0ca9393f-7f45-5636-91b2-8d99df315560,9df7b8bf-351b-5e30-89a6-82005d1a179f,home,747 Robinson glens,,North Philipmouth,Armagh,TS86 5HD,United Kingdom,2026-01-01,
1791866a-6f1d-5bf0-9653-fa05d3392975,85c08c7b-ff28-59f3-afb5-94373e48830e,home,2 Paula ville,,Saundersmouth,Derbyshire,W4A 7LU,United Kingdom,2026-01-01,
b421d12f-19ea-5c05-845b-4f2ec80e3ee2,95d21cc9-763d-51eb-9964-f9a3daa87e3b,home,"Flat 81
Derek lodge",,Nigelburgh,Denbighshire,OX23 6SR,United Kingdom,2026-01-01,
1aed7d64-7147-5065-80f4-8356555fef1d,59cce8c2-3411-5823-bb4b-1b5c9ad186eb,home,237 Marilyn avenue,,Martinborough,Anglesey,TW9X 5JT,United Kingdom,2026-01-01,
bdb9b4cb-a90c-52fa-b317-536a7014e560,87fa71b1-aac6-536c-bf04-3d8fdc6b1282,home,5 Rachel inlet,,Stevensport,Bedfordshire,TD6H 8LJ,United Kingdom,2026-01-01,
a6f56c01-b1c7-54b5-b61c-99a704229878,47dfaa82-3c6b-5e14-9fe7-e13640a5db9b,home,481 Brandon corner,,Robertstown,West Berkshire,L1C 6EZ,United Kingdom,2026-01-01,
60bdf09c-17c8-5b44-a7d5-5eb817eb3c7a,c4e44d3e-20ae-5443-804d-353533332e60,home,447 Antony key,,Carterview,Glasgow City,WA25 7ZX,United Kingdom,2026-01-01,
d867c25f-74bc-5fa6-96a1-6ff9ccb93efb,4b1919f6-449e-5c65-879b-2252f8022b9b,home,05 Keith way,,Wilsonbury,Breconshire,UB0 9JF,United Kingdom,2026-01-01,
3bedc9d0-bee0-57dd-a4fa-fdcdcb111af0,cf2f656e-0260-56fe-9467-7514019dca3b,home,977 Pamela ranch,,Simonburgh,Lancashire,B34 0FQ,United Kingdom,2026-01-01,
69d381b3-a6d2-55d5-948e-c3843e69b967,c2fa7270-6900-5480-88ba-997f55f702cb,home,"Studio 58V
Samantha circles",,North Joshuaburgh,Hampshire,L99 2RY,United Kingdom,2026-01-01,
1a84ca89-c697-5450-969b-0236d567454c,a0517e92-fe0f-56cb-b503-c0c83c6388e1,home,"Studio 88
O'Brien ridge",,Walkerborough,Tyrone,BB7A 3XL,United Kingdom,2026-01-01,
baa569e9-fdb7-5a35-bf4a-043841bf6f97,dbf82876-f28a-5d7a-a26c-2afde512e303,home,2 Allen landing,,Kylestad,North Yorkshire,L1 0XY,United Kingdom,2026-01-01,
116d1b88-8541-5322-ae80-681e682e07a8,c131d73a-0531-5d67-b85a-8f322fb0b69a,home,"Flat 0
Smith union",,Campbellchester,North Ayrshire,E1G 5WL,United Kingdom,2026-01-01,
74efcea6-f76d-5110-8b44-7e2492833085,a4874405-be60-516b-ab41-d592efe48b91,home,"Studio 98
Hill roads",,Charltonton,Cambridgeshire,W31 2HN,United Kingdom,2026-01-01,
b3e8253b-f958-5172-b47d-ea305b933a20,b27432a5-ba16-54d0-962a-9888d43baf1e,home,"Studio 2
Ben branch",,Richardstown,Suffolk,KW8 0ZW,United Kingdom,2026-01-01,
5a5583f3-86c0-585f-a135-64bdebb63bbe,883ad074-9359-5c05-91cf-de363b036a85,home,"Flat 63g
Conor fords",,East Rosemary,Fife,SE6 4SP,United Kingdom,2026-01-01,
dfeaf10f-71a4-52b1-85eb-ba7cef532ed9,91ab2e53-2248-5260-9dad-cb2328e3749b,home,6 Hall groves,,South Shaunville,East Dunbartonshire,L78 8TH,United Kingdom,2026-01-01,
fa2dd4d0-8ba4-5924-8a55-b4db28a196d6,465ffae9-67c5-500d-95d8-fc2f4cfcee66,home,4 Sarah heights,,Port Marionside,West Yorkshire,BH13 2ZT,United Kingdom,2026-01-01,
e4079204-3bf3-5701-8f1b-13a9308358bf,8735a13c-5a9b-547f-967d-a1fc5ba4a9f6,home,"Flat 7
Henry rapid",,West Roybury,North Yorkshire,KW08 1BB,United Kingdom,2026-01-01,
3cd94249-f362-5990-9707-c51792972d20,0a07e29f-8005-553e-9ff2-137415634b78,home,9 June passage,,Jonathanmouth,East Renfrewshire,E6 6FB,United Kingdom,2026-01-01,
a336a878-4909-5203-b095-4d93ec0589c0,7a7397f0-de78-5e21-bb48-a100ece9ca0f,home,"Studio 5
Frederick well",,Briggshaven,Eilean Siar,S6T 9UG,United Kingdom,2026-01-01,
982d2a0d-deb8-5925-8df4-0c189229dde9,1ec5c14c-59f9-599a-9fc4-23008d29354a,home,6 Foster mountains,,Louisefort,City of Edinburgh,NE0M 9ZD,United Kingdom,2026-01-01,
ba851b84-51fc-54ea-a794-d4bcd0b85e63,16171277-0225-5774-8d63-abb743257d86,home,"Flat 3
Bartlett ports",,Lake Maureen,Greater Manchester,N4A 2AB,United Kingdom,2026-01-01,
74b10051-dcfd-5994-b045-39fef6747a9d,4bda4f72-11f0-5651-a079-6d71111a267d,home,"Studio 26m
Russell lodge",,Lake Terenceside,Fife,RH9 3WE,United Kingdom,2026-01-01,
4914045a-6cdb-584c-9ce2-bce039267033,a41605e3-deb1-549a-85c9-9e623ce74975,home,"Flat 18
Mitchell pine",,East Shaun,Durham,EN2V 9AU,United Kingdom,2026-01-01,
a7e419e9-7b33-5e5a-82e4-516f64adbc0e,749448bd-f9d3-50f1-bc98-1c80b2d1db58,home,306 Kemp hills,,New Denise,Glasgow City,TN32 6EH,United Kingdom,2026-01-01,
6baf2f04-4c82-564e-a743-0845eb4a1a4c,9640e768-eb89-582f-968e-25d1324bba64,home,646 Mason parkways,,Shannonburgh,Pembrokeshire,TA2H 7LJ,United Kingdom,2026-01-01,
8af22af9-7d43-5238-ac57-5c8c7d3addca,429bf62c-b37f-55c0-a176-dbb513564535,home,605 Francis rapids,,Cooperborough,Northumberland,EN43 8AY,United Kingdom,2026-01-01,
ae36243e-58a3-5f05-864c-ce1a917b4e60,06cea260-a8dd-53d9-93a4-0a5a47de755e,home,"Studio 25l
Rita rapid",,Evansborough,Essex,N26 5RA,United Kingdom,2026-01-01,
994c093b-96b6-5197-983f-748e27fd5b03,2ed0f6b7-8165-5709-a112-47fcd13a3b82,home,2 Gareth fall,,Brownville,Fife,JE9 1DN,United Kingdom,2026-01-01,
8125a690-49eb-5f55-b166-7501aebe8274,f0676f5d-b64c-527e-9fe4-801b44eddb83,home,"Studio 94
Hill field",,South Jane,Caernarvonshire,B9 2HD,United Kingdom,2026-01-01,
164835c2-e4e0-5249-93df-eda365bee264,5d74374f-958a-5e5d-a908-353a60981f22,home,163 Kay trafficway,,Zoefort,West Yorkshire,KA70 2QE,United Kingdom,2026-01-01,
638c816a-284e-5e75-a5b4-fe179b381942,14ef1547-518d-5163-8234-c8c850269841,home,"Flat 5
Liam lights",,New Debra,Anglesey,RH5 0YQ,United Kingdom,2026-01-01,
6c4c9c87-e63d-5fa7-91dc-cbeee892e195,d37607d9-4dcb-55ee-a855-bcfbb12ab52b,home,02 Baker circles,,Mitchellbury,Orkney Islands,N9 8AG,United Kingdom,2026-01-01,
3a7bf13c-46b9-581e-85b2-9c1d41c00c5e,fe392ae7-2066-5f45-8dba-451abe6a6b22,home,114 Joanne vista,,East Jayneton,Bedfordshire,M4D 3NN,United Kingdom,2026-01-01,
5125eced-a663-5ac8-9059-2f8c14f10246,bcd4e50d-a086-51aa-bf4a-6a3b0cb208e7,home,"Flat 8
James roads",,Younghaven,Armagh,SO6 0WG,United Kingdom,2026-01-01,
655122b2-b376-53e6-9ea0-4d8059bb3338,19cdfe76-77ee-5b64-ab74-64cb5b155900,home,90 Gillian orchard,,Jarvismouth,Denbighshire,L93 9TJ,United Kingdom,2026-01-01,
1ea828d3-7123-5512-bf6e-8c9e6d46d24c,b2bb188b-41c1-528c-bf27-379b78187379,home,735 Goodwin crest,,North Jamiemouth,Hertfordshire,GY7 0ZY,United Kingdom,2026-01-01,
d81f05e6-10e4-5f36-9154-0b5a98ec6d41,6cc39d05-66f9-584b-bd89-ca166f1c7ac1,home,"Flat 3
Jason manor",,West Sylviaton,West Yorkshire,ML2 7HZ,United Kingdom,2026-01-01,
1aa180e8-49b4-5f7d-9e0e-a7a77d6f4609,e720385b-ae15-5bf0-b2f7-35cf3f25de8f,home,533 Debra lodge,,Thomasport,East Lothian,L44 4WL,United Kingdom,2026-01-01,
369595bd-22a7-5be6-86f1-fbf589c9d4e5,16ec0249-98cd-59e0-a3e0-ad8ceb1f96e5,home,"Studio 75
Angela mountain",,Leeland,Argyll and Bute,W9 6RW,United Kingdom,2026-01-01,
2d6c7fc6-e24a-5898-9576-59fd89ea3f2e,c8360ad1-e880-50c0-b615-0ddd1203d00b,home,024 Hayward heights,,Emmaborough,Warwickshire,M5 5HL,United Kingdom,2026-01-01,
5aaca2b1-271a-51b0-85d5-85caeb155336,4a721be8-77cb-5a60-940f-0801b137117c,home,524 Julie expressway,,Murrayhaven,West Dunbartonshire,JE90 0RZ,United Kingdom,2026-01-01,
710220f2-92fb-5ceb-85b2-de0eaee6b3d4,3fca11cb-99fd-5a1b-9a30-7658d15b1c10,home,6 Todd points,,Smithport,Falkirk,W2T 7SN,United Kingdom,2026-01-01,
bb3295a0-793e-54ce-a704-496478c2bba7,41b96f4a-b33f-5f91-bb0f-ccc37ce3c7b0,home,5 Lynn burgs,,Lake Pauline,Leicestershire,M0S 4RX,United Kingdom,2026-01-01,
967937ed-d027-52a0-bcca-4fe95838b8eb,5b10e6c6-ddea-58cb-a783-ab585fd5e556,home,"Studio 2
Diana oval",,West Shannon,Glasgow City,M59 6ZZ,United Kingdom,2026-01-01,
aba26f9c-d33a-5d6c-a56b-aad4b2b264d0,634be0ee-3d03-58d0-9640-1b843956564f,home,9 Marsden loaf,,Walshchester,Shetland Islands,DT5 0DW,United Kingdom,2026-01-01,
a6ccc437-ce2b-567e-8c8a-5a081b759807,b70cf02f-488c-568e-b32f-8bda4aa819cd,home,995 Barry corner,,New Mollyport,Renfrewshire,TF6 8UX,United Kingdom,2026-01-01,
cfa1d6f3-b2a3-5eea-8271-7bf9bb436b37,76ffa814-d320-57b5-8314-c4012dda389a,home,"Flat 84b
Burton street",,Lake Benjamin,Breconshire,M26 1HG,United Kingdom,2026-01-01,
4b378b32-efe0-5e0c-b89b-3fddf1b74acd,d5997255-7316-5024-9d45-211aaeea9a2a,home,0 Dennis hills,,Kathrynfurt,Falkirk,E46 5PL,United Kingdom,2026-01-01,
d12a29db-26e1-555a-9c05-b2a4f69260fb,91541cfb-71f6-5901-a9e6-e7139d8590de,home,863 Ben route,,West Charlottehaven,West Yorkshire,G0W 4PZ,United Kingdom,2026-01-01,
a18155a1-abbc-5ad0-955d-dadc3c198310,6b7e2826-a475-5c7e-bc8c-2ee354257b3f,home,04 Jeremy lake,,South Brandonmouth,Cambridgeshire,G0D 6GT,United Kingdom,2026-01-01,
2bda2be0-da3e-577d-ac66-f2bd945235d7,d531aed9-dbfb-594e-8d48-fbaa3a36b7bd,home,892 Tracey locks,,Lake Nicolemouth,North Yorkshire,B3 0AP,United Kingdom,2026-01-01,
97ce5a50-c9a6-5939-b1ad-2e35e9f5aa68,d17e9bbf-1ad5-5999-88c9-c8e9dc916776,home,7 Perry port,,West Sylvialand,East Sussex,CM04 9ZF,United Kingdom,2026-01-01,
e21953ef-be4f-592a-8f50-69b086d7889a,53a6d0dd-0b2f-59d4-b691-f85c37d7b210,home,"Studio 6
Victor forges",,Victormouth,Staffordshire,M3 5JD,United Kingdom,2026-01-01,
9a4e75b8-76e4-505f-b847-04c7c238a9d1,fd15ce84-3ca2-5142-ac50-441d79e214f3,home,667 Carolyn crescent,,Janiceshire,North Ayrshire,L73 9LY,United Kingdom,2026-01-01,
c956f318-a3c2-58f6-8051-dcb50674884d,1559961b-7df6-58c6-8135-3d22a69ecdc9,home,8 George island,,Lawrenceview,Antrim,HU2R 0DA,United Kingdom,2026-01-01,
05b8d875-dab2-5811-a8ae-46bb4ceebd06,dbab6365-f1c9-5df9-88e2-cd9edcc0b38f,home,"Studio 08
Harrison glens",,North Billyville,Orkney Islands,S9 3ZE,United Kingdom,2026-01-01,
f5afb04b-90aa-54dc-a505-e149f73ef057,cc43eeaa-d238-550e-8332-4328a9e814c3,home,"Studio 11
Marc spring",,East Ruthchester,Pembrokeshire,BN6H 1YA,United Kingdom,2026-01-01,
