id,contact_id,phone_type,number,is_primary,start_date,end_date
8f17b644-7688-5a9b-980f-c34780bb53b4,0501440c-0114-5d53-bb84-3db3dea7335c,mobile,0131 4960976,True,2026-01-01,
9191ddf0-b062-5f40-868d-f81a8cd8f06d,0501440c-0114-5d53-bb84-3db3dea7335c,home,+44306 9990790,False,2026-01-01,
ade32f44-0dc5-548a-b077-fa19a934600e,0a00439f-76ff-5fae-b93c-22540659582e,mobile,+44(0)117 496 0177,True,2026-01-01,
e5118c29-bb18-5960-9e55-3768d4a5498f,cdc701e9-8c9d-5013-a8ce-96656d840406,mobile,(0117) 496 0596,True,2026-01-01,
0626a014-cb08-5970-81d3-6b4946926707,06992024-2cc2-5a57-a9e6-e6adaded018e,mobile,02074960439,True,2026-01-01,
5ad6866c-aefb-557d-ae3c-a2ebd7c4ab33,676d2791-cc38-5d3c-971b-c03280df17da,mobile,(01632) 960 233,True,2026-01-01,
6b996852-56b6-565d-9739-efc62c1f10e1,7e273cfc-ef90-5840-b7cc-e6b4d995ea42,mobile,+44(0)116 496 0649,True,2026-01-01,
2dfcdbf1-7a02-52c6-803e-ede1b26d7e0c,7e273cfc-ef90-5840-b7cc-e6b4d995ea42,work,+44(0)116 496 0110,False,2026-01-01,
ac08c2ef-0db7-5b29-b84b-98238bef19be,82215045-ac74-5993-898d-42cbfb3c6344,mobile,+44117 4960669,True,2026-01-01,
1edcfff5-c691-5bae-a783-94c9ea7e2a20,5c37cdb8-6b22-58b6-a889-485dc31d5c05,mobile,+44(0)808 157 0993,True,2026-01-01,
f35c2fb9-6ecc-5bce-8a2c-b88fc744c738,7f024ebd-5a64-5afe-b292-4d01fd190f50,mobile,01184960682,True,2026-01-01,
15e0210c-fd62-55d1-bcfe-58ebeed64b59,9df7b8bf-351b-5e30-89a6-82005d1a179f,mobile,+44(0)114 496 0739,True,2026-01-01,
38c20c83-fa14-5d5c-bec8-4bd4ae29c8c2,9812d956-d5e4-5d7e-8612-28026dcd072f,mobile,(0151) 4960541,True,2026-01-01,
2b84ed5b-d3bc-5970-83e3-43229088b6c0,85c08c7b-ff28-59f3-afb5-94373e48830e,mobile,+44(0)131 4960675,True,2026-01-01,
f3596a6f-8e05-50cf-8415-0c6c529f972a,85c08c7b-ff28-59f3-afb5-94373e48830e,home,01164960468,False,2026-01-01,
9f9693ed-9576-596f-91c6-1fbad62e4575,8561f6b4-a461-5a0f-9bd7-cc73526e73bb,mobile,020 74960068,True,2026-01-01,
95c0245e-e72c-5014-8e38-0b154f014b7b,59cce8c2-3411-5823-bb4b-1b5c9ad186eb,mobile,0118 496 0187,True,2026-01-01,
2e7804a7-e0e6-5f74-977d-faea6f449c16,59cce8c2-3411-5823-bb4b-1b5c9ad186eb,work,+441614960204,False,2026-01-01,
400bfa82-5d64-5a17-a89d-924eb6198b2a,87fa71b1-aac6-536c-bf04-3d8fdc6b1282,mobile,+448081570051,True,2026-01-01,
81d97615-244b-57ed-b25d-fc4463d4ad5b,87fa71b1-aac6-536c-bf04-3d8fdc6b1282,work,+44(0)118 496 0630,False,2026-01-01,
62600178-e636-56b2-9d1d-fa994fb9b493,47dfaa82-3c6b-5e14-9fe7-e13640a5db9b,mobile,0116 4960881,True,2026-01-01,
ac8a8690-f348-55ab-ae32-14950d8013a2,c4e44d3e-20ae-5443-804d-353533332e60,mobile,01154960702,True,2026-01-01,
f87304ab-a6e2-55fe-8c9d-35493d2c5ed1,e6ed36bc-ca38-5f36-b58f-dcb6e544cb93,mobile,+442074960682,True,2026-01-01,
39c31e72-f799-5744-981f-a88cd2065071,e6ed36bc-ca38-5f36-b58f-dcb6e544cb93,home,+4428 9018796,False,2026-01-01,
118f3361-c0b8-51b4-9752-a01d480dfe2d,1d3f89bf-5ddb-5aad-8069-0d4aa57e4722,mobile,(0117) 4960426,True,2026-01-01,
bf176e24-3575-5aea-b4c9-63aa77c7c177,d17408e6-e69b-5e70-84d5-7a78a69b0511,mobile,+4420 74960920,True,2026-01-01,
18f91873-d0d6-5aba-b76f-eb3c6c747fee,d17408e6-e69b-5e70-84d5-7a78a69b0511,work,+44(0)121 4960592,False,2026-01-01,
d056f9e2-1586-53fd-9e6b-9a90b68c6789,d596feae-e6d9-57f5-af88-aaf40d976564,mobile,+44(0)1174960041,True,2026-01-01,
08fe6b69-067b-5824-8a15-73c2cc83c590,4b1919f6-449e-5c65-879b-2252f8022b9b,mobile,(0909)8790351,True,2026-01-01,
c14863c7-c8d3-58b9-bbe4-c91ec4427c08,c2fa7270-6900-5480-88ba-997f55f702cb,mobile,+441174960368,True,2026-01-01,
d16b8d24-9609-5534-a017-4c7ad7156608,a0517e92-fe0f-56cb-b503-c0c83c6388e1,mobile,0115 4960986,True,2026-01-01,
07cbf6a2-0562-59b3-ae55-8643c669dda3,dbf82876-f28a-5d7a-a26c-2afde512e303,mobile,(0113)4960721,True,2026-01-01,
ae67f37b-1a12-56ab-9298-b92bf2401201,dbf82876-f28a-5d7a-a26c-2afde512e303,home,(0116) 496 0494,False,2026-01-01,
2cb52fdd-97e4-5f77-b5ed-e2fe4d78c11d,e2684d1f-12e6-593e-a215-c6841c1c0a39,mobile,(0191)4960977,True,2026-01-01,
c99d31b0-1c05-5d84-ae8e-0c0e96dd2c30,c131d73a-0531-5d67-b85a-8f322fb0b69a,mobile,0116 4960043,True,2026-01-01,
272eadb5-80d7-5790-bd7a-7203f64a85bf,b27432a5-ba16-54d0-962a-9888d43baf1e,mobile,(0151) 496 0180,True,2026-01-01,
90bcc6e4-1399-51e4-a942-f057b896eb8a,b27432a5-ba16-54d0-962a-9888d43baf1e,home,(0161) 4960089,False,2026-01-01,
806c8072-97b3-5e86-971e-b3397e1777b9,883ad074-9359-5c05-91cf-de363b036a85,mobile,+44(0)808 1570692,True,2026-01-01,
f6e26554-a473-5e59-96c7-1bd2e21e9b69,883ad074-9359-5c05-91cf-de363b036a85,work,+44(0)161 496 0509,False,2026-01-01,
4094d9a0-d699-5c1d-bf82-612b3a2b0169,91ab2e53-2248-5260-9dad-cb2328e3749b,mobile,0808 1570817,True,2026-01-01,
c17b19a8-f5c0-54ad-a5e6-bd054f74622a,91ab2e53-2248-5260-9dad-cb2328e3749b,work,+441184960204,False,2026-01-01,
2e1aeba7-19bb-5e4f-a726-e197bcaef427,465ffae9-67c5-500d-95d8-fc2f4cfcee66,mobile,(0131) 4960034,True,2026-01-01,
1693153a-248c-5640-9e63-bda48d3bdbf7,465ffae9-67c5-500d-95d8-fc2f4cfcee66,home,+44(0)116 4960913,False,2026-01-01,
14a66aea-259c-5a61-9598-9d997017e709,8735a13c-5a9b-547f-967d-a1fc5ba4a9f6,mobile,+44(0)1632 960019,True,2026-01-01,
31a0b412-d3e1-5707-bc10-5ca762eab5ed,8735a13c-5a9b-547f-967d-a1fc5ba4a9f6,work,+44141 4960141,False,2026-01-01,
4333576a-93f3-5a60-ad6b-e42411f621ad,0a07e29f-8005-553e-9ff2-137415634b78,mobile,+44121 4960110,True,2026-01-01,
be080873-96b4-5195-90b3-ba031d45ee46,7a7397f0-de78-5e21-bb48-a100ece9ca0f,mobile,+44(0)161 496 0721,True,2026-01-01,
7a8978dc-1897-53e3-9c47-73717fd93a63,7a7397f0-de78-5e21-bb48-a100ece9ca0f,work,+441632 960222,False,2026-01-01,
fe9f661d-7eda-5f17-bffa-865ae9853c7b,98692391-b905-5d20-b106-668a3bf5261b,mobile,+44(0)116 4960765,True,2026-01-01,
55e3c9c5-528a-5252-9c90-56e7ffe95ffc,16171277-0225-5774-8d63-abb743257d86,mobile,(0808) 157 0264,True,2026-01-01,
96e3dbf1-f204-5d53-b60d-16d5dfec7b9a,16171277-0225-5774-8d63-abb743257d86,home,+441632 960025,False,2026-01-01,
5cc464de-b4f1-59c3-8622-ad145818637b,4bda4f72-11f0-5651-a079-6d71111a267d,mobile,+44191 4960605,True,2026-01-01,
8b67add4-a9d6-50b8-8450-b63b16509ff4,a41605e3-deb1-549a-85c9-9e623ce74975,mobile,+441632960931,True,2026-01-01,
de5103a1-5381-5463-b314-0b7b2720d8d0,78f30369-838a-5c62-b1a4-2c22362b423e,mobile,+44(0)1914960423,True,2026-01-01,
d75d26d0-9131-5f45-95a9-bec4820378bd,78f30369-838a-5c62-b1a4-2c22362b423e,home,(0113) 4960675,False,2026-01-01,
7f4c43fa-0d0f-5548-b515-bf0ccaa5c28d,9640e768-eb89-582f-968e-25d1324bba64,mobile,(0118) 496 0613,True,2026-01-01,
fc967492-cf04-5a86-8a47-f7472cfc927b,2cf80426-ea77-5450-88c6-92ac56a5e244,mobile,(0151)4960920,True,2026-01-01,
4ce968d7-a2a3-5de4-9202-80347aa76ab9,2cf80426-ea77-5450-88c6-92ac56a5e244,work,0114 496 0909,False,2026-01-01,
52dacb62-5749-5c16-9747-b92138a063a2,b94bfeb4-273a-578a-bc67-2eda9be44306,mobile,01632 960 393,True,2026-01-01,
0104c7d0-1cb8-5180-b125-9477a7bf8f78,429bf62c-b37f-55c0-a176-dbb513564535,mobile,(0121) 4960586,True,2026-01-01,
84161ee9-9b8f-599c-afbe-783fe1ff463d,429bf62c-b37f-55c0-a176-dbb513564535,home,0808 157 0612,False,2026-01-01,
4cc9addf-e76e-5bee-b32b-95480eef2830,06cea260-a8dd-53d9-93a4-0a5a47de755e,mobile,+44(0)808 157 0731,True,2026-01-01,
c7cea9b0-71b9-5b27-a50a-2341a1e552ea,46cd9ac7-10c0-5d0d-8c78-84f28137fd89,mobile,+44113 4960876,True,2026-01-01,
b152aa8e-2b25-593a-babe-5ce9f3042dbb,b311cab3-f0c5-5d5b-b932-8e8c1aa10e3b,mobile,(0117) 496 0580,True,2026-01-01,
8a521c2c-ebf5-5e58-8bc0-39036cf59e21,2ed0f6b7-8165-5709-a112-47fcd13a3b82,mobile,(0306)9990459,True,2026-01-01,
a7a8aaa5-aaef-53ae-9f43-3e90515ad181,5d74374f-958a-5e5d-a908-353a60981f22,mobile,+44(0)2074960724,True,2026-01-01,
0bb5af13-613d-5135-baba-fcd70267b462,d37607d9-4dcb-55ee-a855-bcfbb12ab52b,mobile,(028)9018032,True,2026-01-01,
c4e50fef-6849-57ad-8cf0-1f3b644e55ce,fe392ae7-2066-5f45-8dba-451abe6a6b22,mobile,01184960586,True,2026-01-01,
d7852ee8-f299-55ce-96fa-189ddf7a8ee7,bcd4e50d-a086-51aa-bf4a-6a3b0cb208e7,mobile,0131 4960471,True,2026-01-01,
56c5539d-ba96-548a-ade1-b5253e429de1,19cdfe76-77ee-5b64-ab74-64cb5b155900,mobile,+44(0)1514960370,True,2026-01-01,
2dad43fe-4e7f-539e-96cd-1a06ac9dac92,b2bb188b-41c1-528c-bf27-379b78187379,mobile,+44(0)161 496 0438,True,2026-01-01,
68dd6711-ce7d-51fe-ac97-d37ed6c132d7,6cc39d05-66f9-584b-bd89-ca166f1c7ac1,mobile,+44(0)114 496 0123,True,2026-01-01,
2012fdda-fa44-52eb-bf86-23023b3556ad,6cc39d05-66f9-584b-bd89-ca166f1c7ac1,home,(0114) 496 0588,False,2026-01-01,
2624713b-8953-5a74-ae57-a6f2de49a3d9,e720385b-ae15-5bf0-b2f7-35cf3f25de8f,mobile,0115 4960685,True,2026-01-01,
f4e9a82f-3d96-54ac-84c1-65ec8f88df63,c8360ad1-e880-50c0-b615-0ddd1203d00b,mobile,+44121 496 0681,True,2026-01-01,
8f9465c0-52ae-5f36-b8f3-f67fbc4a4784,4a721be8-77cb-5a60-940f-0801b137117c,mobile,+44(0)306 9990007,True,2026-01-01,
7f5b559d-1d11-5fd8-954d-48b17e9959c2,895c7f58-c5d9-5c2e-95f2-ca0518ad3eb7,mobile,+44121 4960155,True,2026-01-01,
cadc5eab-2b41-5e66-908e-1995abf008f5,3fca11cb-99fd-5a1b-9a30-7658d15b1c10,mobile,(028) 9018 0543,True,2026-01-01,
7392e9f5-a0a6-57fa-bdcd-37ebeab2de1e,3fca11cb-99fd-5a1b-9a30-7658d15b1c10,work,(0161) 4960159,False,2026-01-01,
0545d051-d672-5b15-84ac-33c4cc748e27,41b96f4a-b33f-5f91-bb0f-ccc37ce3c7b0,mobile,0115 496 0472,True,2026-01-01,
062eb1b8-9e26-5200-9b7e-7ba261743035,5b10e6c6-ddea-58cb-a783-ab585fd5e556,mobile,+44306 9990918,True,2026-01-01,
044dea32-684d-53bc-8cbd-c18d3e674212,634be0ee-3d03-58d0-9640-1b843956564f,mobile,(0151) 4960059,True,2026-01-01,
595c56a3-bc47-5fa7-9994-81465c9ff631,76ffa814-d320-57b5-8314-c4012dda389a,mobile,+441174960384,True,2026-01-01,
73cc793e-647d-5956-851f-2920ad3accd0,d5997255-7316-5024-9d45-211aaeea9a2a,mobile,029 2018507,True,2026-01-01,
373720b4-0486-5241-9404-cab5df6c4afe,d5997255-7316-5024-9d45-211aaeea9a2a,home,+4428 9018 0822,False,2026-01-01,
e456f647-9be8-5782-babe-af4b7c7d9662,91541cfb-71f6-5901-a9e6-e7139d8590de,mobile,+441164960133,True,2026-01-01,
88b0aa20-d619-56b8-9c5e-fac1ae75ff7d,91541cfb-71f6-5901-a9e6-e7139d8590de,work,0113 4960537,False,2026-01-01,
5372c0ad-8484-5756-acc5-7fb0a84662ed,6b7e2826-a475-5c7e-bc8c-2ee354257b3f,mobile,+44(0)191 4960292,True,2026-01-01,
ef594934-0290-54c8-a95b-0e3ec3339883,6b7e2826-a475-5c7e-bc8c-2ee354257b3f,home,(020)74960040,False,2026-01-01,
0ed38c66-470a-5380-8816-34b21119521e,0b284ea0-8e95-5216-92d3-752a9727a891,mobile,01164960990,True,2026-01-01,
cc3866ae-68c6-5b2a-8c84-1ec5b4f45d6a,d531aed9-dbfb-594e-8d48-fbaa3a36b7bd,mobile,(0121) 4960876,True,2026-01-01,
529b8d2e-c805-537e-a06a-0bdf1067ed6e,d17e9bbf-1ad5-5999-88c9-c8e9dc916776,mobile,+44131 496 0327,True,2026-01-01,
4fd97685-f9fc-5615-9a99-c7e96df15c91,53a6d0dd-0b2f-59d4-b691-f85c37d7b210,mobile,(0115)4960274,True,2026-01-01,
e06a4640-b4b2-595d-b6fb-226e4732139b,fd15ce84-3ca2-5142-ac50-441d79e214f3,mobile,+44(0)808 1570236,True,2026-01-01,
54a6883d-757d-59c0-b4c1-52ad346f1e64,1559961b-7df6-58c6-8135-3d22a69ecdc9,mobile,0113 496 0137,True,2026-01-01,
4da225a6-a753-50cc-bfca-75f640bd5ff3,906fa1de-2436-5b76-8a37-2b492eeb96c4,mobile,(0115)4960379,True,2026-01-01,
f915500d-18eb-5cf7-ac1b-3954bf91db68,dd2220b7-1335-59dd-9c38-fc6044e2ab06,mobile,+44116 496 0894,True,2026-01-01,
7d4f895f-81a1-5787-a41a-11ee50ab4255,dbab6365-f1c9-5df9-88e2-cd9edcc0b38f,mobile,+4420 7496 0105,True,2026-01-01,
ed80b8b7-7fc3-55cb-8e70-5fa643a5b2ab,1c107f8b-d6fa-537d-acf4-a193c3fb0d49,mobile,(0114) 4960913,True,2026-01-01,
d156b2af-03d5-5742-9028-1764af656a40,cc43eeaa-d238-550e-8332-4328a9e814c3,mobile,+44909 8790160,True,2026-01-01,
