id,contact_id,family_unit_id,relationship
7aac57ac-674b-554a-b88b-46c75a655103,0501440c-0114-5d53-bb84-3db3dea7335c,396e8ef2-8d08-548d-960a-8da6adc8059e,parent
413cd79c-90d4-5151-94f1-c20847302809,f74d2c51-c64a-5398-99b5-49fbfb97aad8,396e8ef2-8d08-548d-960a-8da6adc8059e,child
baa31c19-48ac-548e-a9e8-1124056358e1,0a00439f-76ff-5fae-b93c-22540659582e,431c94ae-d199-5a5f-a74c-41be57ffd998,parent
892a2bc8-21a0-597e-87a4-9d1b753df32b,1d66991d-a57a-5703-84ea-5f4a1cee6720,431c94ae-d199-5a5f-a74c-41be57ffd998,child
3f9920fc-df5b-5920-b140-35160d1f18aa,cdc701e9-8c9d-5013-a8ce-96656d840406,38c5de2d-0bda-581e-b8e3-7949ad751363,parent
aceaa16f-f468-510b-9508-dd95ab8c4829,2f55596a-8dad-5e3a-8d84-89b2547366ae,38c5de2d-0bda-581e-b8e3-7949ad751363,child
cd510f6e-00bd-5236-9765-b2549f68f194,06992024-2cc2-5a57-a9e6-e6adaded018e,2d7996d9-6f30-5dbe-a002-cc18745352d5,parent
a113b463-a22d-50e7-953e-4995963d5214,461032da-a32f-5bc3-b06f-3fe3b8cd7b5e,2d7996d9-6f30-5dbe-a002-cc18745352d5,child
2d01f82e-b645-5605-95d9-b39fad9fa87a,9a350f2f-c1fa-51a0-bc24-7ec6a370b01b,bd3faec1-be04-55fd-9473-1ff21a604e08,parent
e34773b9-8a24-569f-ad46-de1dfc6e9a22,8c9fd75a-10ee-5a7c-9642-1e51120b1b8b,bd3faec1-be04-55fd-9473-1ff21a604e08,child
1eb43872-1e50-5c7a-82ab-776047e95f6e,676d2791-cc38-5d3c-971b-c03280df17da,d4bcbd9b-a7cc-5e2c-9d2a-3f7cffa5f2ff,parent
f45b68ef-cc8b-52cd-a834-2c86f2acf159,8e6b08c4-55fa-5a73-b291-1b1eda2e4929,d4bcbd9b-a7cc-5e2c-9d2a-3f7cffa5f2ff,child
81259808-7121-55cf-b5f7-4365fce2d432,7e273cfc-ef90-5840-b7cc-e6b4d995ea42,55a5b13e-4868-5118-8f52-22a913213006,parent
49fa878c-6afe-5247-9bca-a61ecc2cdeec,0aa1ec0d-62d0-55bf-ae6f-921eadb1888e,55a5b13e-4868-5118-8f52-22a913213006,child
50fceec5-0f5e-5005-9dba-b6035c78e036,41bc09ce-2a8f-5148-8050-00047e6dc98e,6e7215fc-f5ae-51e3-8f55-3400edc27e14,parent
4749343f-18f3-5fb2-87d4-a9f4e7d8b636,3fdbd2d6-1c5b-559b-8ec8-34a141820de4,6e7215fc-f5ae-51e3-8f55-3400edc27e14,child
178477aa-f2fc-5ed0-b6c7-0739c6e4980e,82215045-ac74-5993-898d-42cbfb3c6344,861d51ed-16e5-5d07-80f7-3773680eb871,parent
c1bd9c57-34cd-5e01-b822-9daa52f8b1e8,c49c9a46-1b35-51db-b88f-1b7d5fe50a10,861d51ed-16e5-5d07-80f7-3773680eb871,child
39ff2900-1cda-5479-9e49-1c753fdf10d4,5c37cdb8-6b22-58b6-a889-485dc31d5c05,0bc5ce3f-14a9-5a26-9938-264a009f226c,parent
734b8305-8fef-509a-9195-fea67db718f6,c3aa2b2e-9e8c-57c7-98c4-cd7189ca037a,0bc5ce3f-14a9-5a26-9938-264a009f226c,child
058f7722-e385-5d3b-8d54-bc0d553642d8,7f024ebd-5a64-5afe-b292-4d01fd190f50,88910a15-f376-5e26-8f13-2ce92c4bcde0,parent
6b9ce2c3-1193-56fe-aa99-f1b7628c6980,913fe2cc-71a0-50ef-a0e8-4c7da5b2753d,88910a15-f376-5e26-8f13-2ce92c4bcde0,child
9590808c-e71d-5975-abd3-412d38acc041,9df7b8bf-351b-5e30-89a6-82005d1a179f,469fa564-2109-591a-8ce1-73e5021b540a,parent
91bdb17d-c0b2-564b-991f-31d60b063b33,7dabfe88-6c0a-5db1-a333-de0f73d4184d,469fa564-2109-591a-8ce1-73e5021b540a,child
112bea3a-65fa-59b0-9a57-52028106919a,9812d956-d5e4-5d7e-8612-28026dcd072f,2b58b157-9a06-5c2e-b622-b423ec43bc3c,parent
220b342d-e95d-541b-b490-2b8af0f81d06,b9e69b94-8dc0-5f90-8a8f-70cecc13909e,2b58b157-9a06-5c2e-b622-b423ec43bc3c,child
6dd60151-9aa7-5226-a95f-82031af303d8,85c08c7b-ff28-59f3-afb5-94373e48830e,1c966d1c-1f2d-5ae4-a9b5-64f618b423f6,parent
c430bb73-4feb-58c2-ac42-83f7ddcc810f,62161118-b953-595c-b7cf-4f4a50b36533,1c966d1c-1f2d-5ae4-a9b5-64f618b423f6,child
2f84a4a1-8b24-5e23-a58b-f32205512092,95d21cc9-763d-51eb-9964-f9a3daa87e3b,25e9a631-b6f9-5231-9661-637da15c09a4,parent
b6744aee-95a2-5d32-87bf-6109b3bb458a,c2d561e0-33b8-5935-ae38-e8efce352a35,25e9a631-b6f9-5231-9661-637da15c09a4,child
f6bb5f3c-afa2-534f-a38a-45f4dcb85ad6,8561f6b4-a461-5a0f-9bd7-cc73526e73bb,cddf1676-7b38-551f-9054-c4178d24518c,parent
eecd8417-d837-5bca-95cf-c41d2f4b0dfb,910eeae8-6bf9-53cc-8ca9-2c0ea6802d74,cddf1676-7b38-551f-9054-c4178d24518c,child
a1ab0c3b-3576-5e23-8c9f-07b1876b2e3c,59cce8c2-3411-5823-bb4b-1b5c9ad186eb,4a26935b-ff16-54da-8827-23af96e01f78,parent
bc907f1e-d011-5830-93e2-976182288dc2,95018112-2880-50f6-bcbc-db8ccebb730d,4a26935b-ff16-54da-8827-23af96e01f78,child
80530c06-859e-5985-be7b-8b26caf320f4,87fa71b1-aac6-536c-bf04-3d8fdc6b1282,cbae85b3-ebec-587c-82d6-48e20740b7d0,parent
25489aaf-9690-55e8-be73-8e3b9e3193a4,b28ab7b9-4aec-5e0c-aa3b-e387fa52440a,cbae85b3-ebec-587c-82d6-48e20740b7d0,child
0fe008b5-c911-56a7-b6b2-35168282bfeb,47dfaa82-3c6b-5e14-9fe7-e13640a5db9b,90de5e73-bf63-576e-a886-a8ddd275bcf8,parent
85519b2f-432f-5235-8e95-9778bbd385b7,0f7f0c90-c6b9-516b-ad0d-ddd6c3ab5084,90de5e73-bf63-576e-a886-a8ddd275bcf8,child
b360dab4-dabd-5cc7-84ad-983b63d6f925,c4e44d3e-20ae-5443-804d-353533332e60,7df9ca00-cf97-5a45-b723-1020732dfa64,parent
3dda3b32-6d29-5f4c-bd42-ad6c1eab4b6d,e328cff8-2e93-5845-82f7-0d1828576a87,7df9ca00-cf97-5a45-b723-1020732dfa64,child
d2e30cb0-1f55-501f-bf78-8dd6564864ba,0ba917eb-3677-5b87-a202-950180d75fb9,63b61a33-a27d-503b-b722-73b0ddf823d9,parent
fccb510b-050a-5b2c-8e9f-f1d38b7f0be9,96bbe691-73f2-5852-ae71-bbaa11060bf1,63b61a33-a27d-503b-b722-73b0ddf823d9,child
0c0f7d58-e5cf-5052-9a3b-1e4320e9088b,e6ed36bc-ca38-5f36-b58f-dcb6e544cb93,3f6cc51f-ba37-58a9-a234-35be1252bc48,parent
69e068fa-7334-545c-9506-46a46bfa3204,428b2e7c-15e7-572d-aa8d-d2eff0325e32,3f6cc51f-ba37-58a9-a234-35be1252bc48,child
b78ebe3a-80a8-51ea-a87c-7e5af75039f7,1d3f89bf-5ddb-5aad-8069-0d4aa57e4722,f8861623-de51-5405-9538-a9f9e923c088,parent
a8a58aeb-868e-56b6-9bc1-74b7d02b4170,2055dcc8-1609-575b-937f-e46921ab2044,f8861623-de51-5405-9538-a9f9e923c088,child
341ee41f-727d-58e2-8bea-7df9434360ca,d17408e6-e69b-5e70-84d5-7a78a69b0511,74ebfa2d-d2ca-5f14-987e-68d948d8a07e,parent
1bb59c04-f30d-5e78-90de-a1a340125f21,7ffeecfb-b957-590f-8e7c-94548d7adb7b,74ebfa2d-d2ca-5f14-987e-68d948d8a07e,child
a461bdf9-634c-52aa-8c13-0a71a170543f,d596feae-e6d9-57f5-af88-aaf40d976564,0b633aec-d676-562f-8446-9c9a3a2c283e,parent
30a36cb7-8a3a-5b43-9ce5-9a1ed691b9f1,4e9a56b8-266a-5796-a8b6-4bc0281e2d55,0b633aec-d676-562f-8446-9c9a3a2c283e,child
de38b27b-2d7d-52ff-8250-8673f112522f,4b1919f6-449e-5c65-879b-2252f8022b9b,0861e8fd-a575-5910-b485-066ed0562c95,parent
fdcb174f-4372-52b9-8ae6-bf3db765fa5b,fb163a89-7ca0-5d98-afb4-909a21f4fc12,0861e8fd-a575-5910-b485-066ed0562c95,child
3fa073fa-c9d3-546b-aa25-8623763e5b48,cf2f656e-0260-56fe-9467-7514019dca3b,ee14a42c-61b5-535a-838a-55e6f08687b6,parent
fb0f90a9-a720-524a-a9f3-ac14a2380afa,7ac59208-9281-5c4e-ac4d-98f129561f07,ee14a42c-61b5-535a-838a-55e6f08687b6,child
480e2e35-4197-5651-bf5b-6c118a449aad,c2fa7270-6900-5480-88ba-997f55f702cb,b4887cea-16d8-55ce-80c8-66597b321422,parent
1c8aad4b-08fb-54e5-8373-45e28349efc1,7ae7c623-fb0b-5233-8233-990f03955928,b4887cea-16d8-55ce-80c8-66597b321422,child
93a7cdcd-47db-5d6c-b877-b556314cf63f,a0517e92-fe0f-56cb-b503-c0c83c6388e1,6067d14a-5c7a-51b2-9806-0bbb4d9dafba,parent
bc4a9f9e-29f4-54fa-9730-8be5bbb78c2b,4ce4bf63-98f6-560d-82a1-6f1f106af397,6067d14a-5c7a-51b2-9806-0bbb4d9dafba,child
2c518caa-6958-5099-8b19-6e8eea97d7f3,dbf82876-f28a-5d7a-a26c-2afde512e303,99b75a9d-5407-5561-9751-cbd13fa3756e,parent
79733d28-235e-56e4-8708-51fdfe09426b,cac1d39f-5afd-5336-b132-195bc6adc9aa,99b75a9d-5407-5561-9751-cbd13fa3756e,child
