id,user_account_id,provider,issuer,subject,email,email_verified,last_signed_in_at
10000000-0000-4000-8000-000000000002,10000000-0000-4000-8000-000000000001,google,http://localhost:9000,0501440c-0114-5d53-bb84-3db3dea7335c,al.roseweir@crm-seed-data.abc,true,
99280039-51c4-52d4-b870-c4cd6dbe43f0,7dcbd040-2d79-535c-8957-2ff734093907,google,http://localhost:9000,0a00439f-76ff-5fae-b93c-22540659582e,carly.james@crm-seed-data.abc,true,
b5b36660-5657-5d50-9b9c-d73104b10337,8fac6f18-f4ad-5a97-990a-aed7b71de5be,google,http://localhost:9000,cdc701e9-8c9d-5013-a8ce-96656d840406,hayley.godfrey@crm-seed-data.abc,true,
fb4963c8-162d-5690-ac14-1720524226a2,0844501b-0df4-55d6-8039-574f2082909f,google,http://localhost:9000,06992024-2cc2-5a57-a9e6-e6adaded018e,louise.shepherd@crm-seed-data.abc,true,
a08c7566-ee40-5789-9cc5-7e7d02d7b356,9da251ce-56a4-5ba1-b25b-ee741e0d9840,google,http://localhost:9000,9a350f2f-c1fa-51a0-bc24-7ec6a370b01b,leanne.briggs@crm-seed-data.abc,true,
f1d0e2fa-95a1-588f-86af-9f0dedba40d5,92259622-8061-5a7a-873c-1110fe204e6a,google,http://localhost:9000,676d2791-cc38-5d3c-971b-c03280df17da,harry.davies@crm-seed-data.abc,true,
a9a5d870-f3ec-5dbc-914d-c2d065d0b7a8,8b075f93-1fc3-5d12-ac99-c89ebfd56563,google,http://localhost:9000,7e273cfc-ef90-5840-b7cc-e6b4d995ea42,ruth.nolan@crm-seed-data.abc,true,
35592cf7-90e1-50c3-bb5e-97f85a60030a,8eb2101b-0423-545f-bc33-1004d7bbdc7a,google,http://localhost:9000,41bc09ce-2a8f-5148-8050-00047e6dc98e,rosie.ali@crm-seed-data.abc,true,
7c17ffad-c0e1-59f1-9e02-71d3719d02e1,2e8987a2-f778-5632-a653-a416887e5235,google,http://localhost:9000,82215045-ac74-5993-898d-42cbfb3c6344,abdul.gibbons@crm-seed-data.abc,true,
81f96a0b-778c-5f01-a014-be2ac06dd9f3,d3833f66-6358-542e-84d6-b2067a8303aa,google,http://localhost:9000,5c37cdb8-6b22-58b6-a889-485dc31d5c05,henry.collins@crm-seed-data.abc,true,
7deaabca-ff50-51d8-8842-4a94d00608cb,08fc90c2-0b43-5cbf-8c6a-8fe0cef3a64b,google,http://localhost:9000,7f024ebd-5a64-5afe-b292-4d01fd190f50,connor.smith@crm-seed-data.abc,true,
dd694684-00af-5a34-a2e3-f9dc46a75304,72f48c96-944d-5326-8b61-5a95364ed3c9,google,http://localhost:9000,9df7b8bf-351b-5e30-89a6-82005d1a179f,leslie.barnes@crm-seed-data.abc,true,
f1c65753-4ae7-57a2-9b96-5fd1f6f78d16,a99ac4bf-9e0a-509a-a9c2-6d35ab8d0b99,google,http://localhost:9000,9812d956-d5e4-5d7e-8612-28026dcd072f,bruce.khan@crm-seed-data.abc,true,
67a456f2-1ef5-53f3-8a2a-573fb13180d4,7a072078-8825-50d8-ac87-76d1fda547b4,google,http://localhost:9000,85c08c7b-ff28-59f3-afb5-94373e48830e,mandy.welch@crm-seed-data.abc,true,
ec7b41ea-c786-50e6-852c-5e95030f0bf5,672d4694-9c01-552a-84dd-5552ac31a367,google,http://localhost:9000,95d21cc9-763d-51eb-9964-f9a3daa87e3b,anna.howells@crm-seed-data.abc,true,
f208adeb-5aeb-5c40-a112-bb8fd73b6a7d,203e9808-3018-57e6-ac48-fe63fd893144,google,http://localhost:9000,8561f6b4-a461-5a0f-9bd7-cc73526e73bb,brandon.browne@crm-seed-data.abc,true,
26dd5322-f277-5836-a973-045fbd611db2,ee4d9810-7f28-5cf3-832b-b2866393fd14,google,http://localhost:9000,59cce8c2-3411-5823-bb4b-1b5c9ad186eb,edward.clarke@crm-seed-data.abc,true,
90dde225-0a78-560c-9b7c-0997b59170be,da0e55fd-e846-53f2-8605-ff7368237869,google,http://localhost:9000,87fa71b1-aac6-536c-bf04-3d8fdc6b1282,elliott.wilson@crm-seed-data.abc,true,
856b4321-d204-50a7-978e-11726b85c235,46c255c2-1f8a-5e27-99b2-9129ce537fee,google,http://localhost:9000,47dfaa82-3c6b-5e14-9fe7-e13640a5db9b,daniel.miller@crm-seed-data.abc,true,
a0895927-754c-5c29-b13e-1f0bc0fb4996,aaffe806-fddc-5400-9806-fc80148e57ee,google,http://localhost:9000,c4e44d3e-20ae-5443-804d-353533332e60,amy.marshall@crm-seed-data.abc,true,
3eca251e-0805-567a-a316-7975b7fec191,f1ce4417-c665-55de-a1f7-22d9fbf1740b,google,http://localhost:9000,0ba917eb-3677-5b87-a202-950180d75fb9,aaron.harrison@crm-seed-data.abc,true,
5a58358d-42e9-58ef-97b4-1062f1918122,c17baeaf-5e65-5bd4-af2b-32486afe45a0,google,http://localhost:9000,e6ed36bc-ca38-5f36-b58f-dcb6e544cb93,gavin.williams@crm-seed-data.abc,true,
39c03ff7-1059-5427-b629-78844cedbc0c,04959ca6-42c6-51f9-85bb-6f304292b420,google,http://localhost:9000,1d3f89bf-5ddb-5aad-8069-0d4aa57e4722,kathryn.simpson@crm-seed-data.abc,true,
fa5a4f1b-f637-516e-817a-5c22b52cc5ce,84b0e270-1337-5616-992e-ff0c4b050554,google,http://localhost:9000,d17408e6-e69b-5e70-84d5-7a78a69b0511,megan.shah@crm-seed-data.abc,true,
c53b0857-076e-5ce4-ae7b-d2d7258fe020,74cf3696-535e-531f-83f5-b337421bf68a,google,http://localhost:9000,d596feae-e6d9-57f5-af88-aaf40d976564,kate.chambers@crm-seed-data.abc,true,
9d415f6a-0a05-583b-a28d-8477066cada7,43895735-2640-516d-9ab0-3d867598872e,google,http://localhost:9000,4b1919f6-449e-5c65-879b-2252f8022b9b,shane.evans@crm-seed-data.abc,true,
fc31ac11-ff5d-5480-8e65-cb2443bd3424,28c6bda6-74cd-5cd6-869a-bf565aae43d7,google,http://localhost:9000,cf2f656e-0260-56fe-9467-7514019dca3b,rachael.garner@crm-seed-data.abc,true,
3bcea634-ae47-5a6a-bccd-559e6d145625,79f5d812-6d3d-5e8f-adf9-709d204006db,google,http://localhost:9000,c2fa7270-6900-5480-88ba-997f55f702cb,grace.campbell@crm-seed-data.abc,true,
af88e583-c62a-5f90-a7f2-837771f596e0,c86e895e-d893-522b-9c3f-f9e470bc3f1c,google,http://localhost:9000,a0517e92-fe0f-56cb-b503-c0c83c6388e1,callum.davies@crm-seed-data.abc,true,
434d3724-3ab9-5f7f-ad22-e220c0edbfba,ca829c86-5103-5314-9b89-29621c0e6e93,google,http://localhost:9000,dbf82876-f28a-5d7a-a26c-2afde512e303,leigh.preston@crm-seed-data.abc,true,
93ac81d1-56f1-55f6-8752-5ac2f0a9f119,6e3548e2-f1cd-51bb-959b-a06fe1e0f36e,google,http://localhost:9000,e2684d1f-12e6-593e-a215-c6841c1c0a39,debra.allen@crm-seed-data.abc,true,
323e49f8-1e7f-5a44-a070-0c3cc6e55528,62a1e330-44aa-5ec9-87b2-3500ec553a93,google,http://localhost:9000,c131d73a-0531-5d67-b85a-8f322fb0b69a,tina.dobson@crm-seed-data.abc,true,
683ae69b-09e5-53f5-8f01-65580c4eb06b,9f3e8b27-9130-5afb-84fc-71965222dafc,google,http://localhost:9000,a4874405-be60-516b-ab41-d592efe48b91,ross.hughes@crm-seed-data.abc,true,
9266076e-9487-562c-9f0b-a5ac09dfe3d6,f9075bac-cfa4-532c-acfb-d971e5f219c7,google,http://localhost:9000,b27432a5-ba16-54d0-962a-9888d43baf1e,jake.elliott@crm-seed-data.abc,true,
ef9743a9-a877-535a-80b7-8b5d598e25f5,67494388-0c72-5878-a6b4-8379cb708746,google,http://localhost:9000,883ad074-9359-5c05-91cf-de363b036a85,lynn.o'donnell@crm-seed-data.abc,true,
dd88e3e4-730a-5929-8d42-b9de946bcbcb,1ae02d84-f947-59e8-82b7-6e3169e9686c,google,http://localhost:9000,91ab2e53-2248-5260-9dad-cb2328e3749b,edward.o'brien@crm-seed-data.abc,true,
a23a3b3c-c6b4-5e80-85b9-ad45250706c2,b4f007b3-640a-586a-883b-d7ecba318c18,google,http://localhost:9000,465ffae9-67c5-500d-95d8-fc2f4cfcee66,allan.howard@crm-seed-data.abc,true,
86ac92cf-da9f-5a2d-9210-68f95aa9e268,9b9eb73b-ef0c-5ca4-ad43-e8469881623e,google,http://localhost:9000,8735a13c-5a9b-547f-967d-a1fc5ba4a9f6,rosemary.mcdonald@crm-seed-data.abc,true,
707ec6ef-fbc3-5cf2-b514-4df3a186a383,f7ac03cf-d4a3-53fd-9a23-66ccc1bc98c0,google,http://localhost:9000,0a07e29f-8005-553e-9ff2-137415634b78,chloe.taylor@crm-seed-data.abc,true,
bb7dc6c8-7cd7-5a47-936e-ef15c99f2a1f,94f62b8d-dd19-5e7d-9032-2c41f2dc168f,google,http://localhost:9000,7a7397f0-de78-5e21-bb48-a100ece9ca0f,maria.wilson@crm-seed-data.abc,true,
aec1c2c0-536a-5907-b9a6-02e50f049ef0,00e478a3-4b0e-5ef9-8af5-df9befec2b53,google,http://localhost:9000,98692391-b905-5d20-b106-668a3bf5261b,liam.manning@crm-seed-data.abc,true,
665838ad-2668-585a-950c-15fb204fcc12,81d9f0a5-852b-55ca-834b-ce1682edcfbb,google,http://localhost:9000,1ec5c14c-59f9-599a-9fc4-23008d29354a,brenda.john@crm-seed-data.abc,true,
6d18fd01-65b4-5213-804f-4756ff97a640,76b9d024-8f9a-5bdf-9c24-9ab725728d62,google,http://localhost:9000,16171277-0225-5774-8d63-abb743257d86,christian.ford@crm-seed-data.abc,true,
2d256533-9171-5ce8-ab5f-e1cae188ec81,2234b964-6b51-5f1b-be97-ef60d2f9a067,google,http://localhost:9000,4bda4f72-11f0-5651-a079-6d71111a267d,ryan.ward@crm-seed-data.abc,true,
90b5a24a-8422-58b1-abd8-088c5f68f8e9,049a465e-05e1-5ba7-85ad-0fe0a830f3f1,google,http://localhost:9000,a41605e3-deb1-549a-85c9-9e623ce74975,declan.moore@crm-seed-data.abc,true,
ac497a54-be64-519f-8708-b48f93cd9544,416ec29c-2bdf-5f7a-be8a-61f423de727f,google,http://localhost:9000,749448bd-f9d3-50f1-bc98-1c80b2d1db58,lynne.james@crm-seed-data.abc,true,
e6d314ea-1ad5-5612-9aab-b9fde1445d9a,7e957eeb-48af-535b-b351-dfa70f5e9a28,google,http://localhost:9000,78f30369-838a-5c62-b1a4-2c22362b423e,beth.green@crm-seed-data.abc,true,
6fe4e1c1-8b06-54ff-bece-8cae1e27a24d,1ec60d18-1175-55dc-9ffd-ee3b7d137c28,google,http://localhost:9000,9640e768-eb89-582f-968e-25d1324bba64,tony.pope@crm-seed-data.abc,true,
6eb5387c-90b0-5bc4-ac09-16a67b66075a,d514a6e6-b6da-5ae9-93a6-198b61a56952,google,http://localhost:9000,2cf80426-ea77-5450-88c6-92ac56a5e244,gail.spencer@crm-seed-data.abc,true,
84e0e039-c93c-565e-8755-f8f6f78d4444,787861a6-01db-5a93-82ce-367c34e0cb18,google,http://localhost:9000,b94bfeb4-273a-578a-bc67-2eda9be44306,karen.evans@crm-seed-data.abc,true,
7917568b-fa3d-5070-bc9d-7aee017e9e9b,cc124997-fc65-5a4e-ba11-96c53a901d4c,google,http://localhost:9000,429bf62c-b37f-55c0-a176-dbb513564535,samantha.hudson@crm-seed-data.abc,true,
842aec85-4ad1-5e99-adfb-6030f7a3345d,645cd3ed-0abb-524e-bc57-94da9e99db48,google,http://localhost:9000,06cea260-a8dd-53d9-93a4-0a5a47de755e,howard.nelson@crm-seed-data.abc,true,
4deddd9b-caf4-5877-a400-12031d9f15aa,47190b8e-81e1-550f-9edf-87dfa5a1f496,google,http://localhost:9000,46cd9ac7-10c0-5d0d-8c78-84f28137fd89,kevin.stewart@crm-seed-data.abc,true,
4515db8b-c04c-5515-b327-79918b879f8f,29aefef8-fecc-5801-baac-c26de31e0a68,google,http://localhost:9000,b311cab3-f0c5-5d5b-b932-8e8c1aa10e3b,ruth.price@crm-seed-data.abc,true,
85edafb2-f3cb-5ce8-b35a-9c5ad7117fdc,f98b80db-a9b3-5f97-8256-406e804d2984,google,http://localhost:9000,2ed0f6b7-8165-5709-a112-47fcd13a3b82,jay.allen@crm-seed-data.abc,true,
a8e17aad-8667-5c8d-b7cc-67d217da4125,69141b2e-001d-54df-a171-aff2597df9c3,google,http://localhost:9000,f0676f5d-b64c-527e-9fe4-801b44eddb83,gail.allen@crm-seed-data.abc,true,
bc9e2cd8-3dce-57e2-8b38-55637cc0b294,0317eb3f-2df1-59a7-8816-fcc0974d8495,google,http://localhost:9000,5d74374f-958a-5e5d-a908-353a60981f22,gemma.kay@crm-seed-data.abc,true,
136bb678-7e91-5118-8d29-ff6505842310,d258f969-99fe-5ae5-9c98-1ca67ca7d679,google,http://localhost:9000,14ef1547-518d-5163-8234-c8c850269841,amanda.patel@crm-seed-data.abc,true,
be49fd64-b8b9-510a-9a47-35c7259df533,d0dc923f-eedf-5a3d-b1b9-8be0fdcb3d24,google,http://localhost:9000,d37607d9-4dcb-55ee-a855-bcfbb12ab52b,jeffrey.watts@crm-seed-data.abc,true,
858aa41e-a2a7-53a1-8424-3cad1cd3756a,ab2ca138-91c2-59f0-8151-082900623cec,google,http://localhost:9000,fe392ae7-2066-5f45-8dba-451abe6a6b22,gail.griffin@crm-seed-data.abc,true,
93d51e04-0caf-53f4-a469-a3627c1505ed,27f82115-d0e6-5ddd-849a-3b7ab8ea9320,google,http://localhost:9000,bcd4e50d-a086-51aa-bf4a-6a3b0cb208e7,irene.stephenson@crm-seed-data.abc,true,
f55c16e8-aacd-51d2-933d-7c177894f8e0,0157ed09-17f4-5085-bb16-5b786e72ca50,google,http://localhost:9000,19cdfe76-77ee-5b64-ab74-64cb5b155900,bethan.thornton@crm-seed-data.abc,true,
218a9f06-a1f8-5fbc-8fcc-23e4282bc456,0b2946cd-9a04-59b1-9c26-91ad99f1d303,google,http://localhost:9000,b2bb188b-41c1-528c-bf27-379b78187379,donna.burrows@crm-seed-data.abc,true,
f8b2f83e-3ea5-5017-8f85-1b8c03bfd231,ac3ff8d4-7734-535e-88e9-ed035ad446ae,google,http://localhost:9000,6cc39d05-66f9-584b-bd89-ca166f1c7ac1,sally.holland@crm-seed-data.abc,true,
1fa95f66-6317-51c4-8c54-4503fd4f97d2,0a7c6af7-bb3a-5db5-8057-39b2f248ca24,google,http://localhost:9000,e720385b-ae15-5bf0-b2f7-35cf3f25de8f,carole.moran@crm-seed-data.abc,true,
e4fdd5db-6c51-5813-b37f-a93fe13ff049,421d22d8-a7b0-59ec-905f-d144a3b30e24,google,http://localhost:9000,16ec0249-98cd-59e0-a3e0-ad8ceb1f96e5,jason.elliott@crm-seed-data.abc,true,
c0b51494-4d53-5c18-b182-d33320f9a637,2f51698d-2f5e-592f-8ef6-c2abdbf3728b,google,http://localhost:9000,c8360ad1-e880-50c0-b615-0ddd1203d00b,mathew.johnson@crm-seed-data.abc,true,
f133aad9-6ffe-5e04-a207-1dbef3a55bc7,1c3b5d7e-1d22-5c13-974f-50f2085e3d93,google,http://localhost:9000,4a721be8-77cb-5a60-940f-0801b137117c,suzanne.wilkinson@crm-seed-data.abc,true,
e8c2772b-2562-5124-98dc-c4953c9f5a4b,fa9b2704-7c99-5c6d-8bb9-9502ea6cb630,google,http://localhost:9000,895c7f58-c5d9-5c2e-95f2-ca0518ad3eb7,connor.jones@crm-seed-data.abc,true,
4491ef88-8347-56fb-911e-9c9f5fccfe18,d6a1ab53-ca00-5c9c-bcfe-10547c9f73da,google,http://localhost:9000,3fca11cb-99fd-5a1b-9a30-7658d15b1c10,maureen.mckenzie@crm-seed-data.abc,true,
d1e15188-74c0-5f20-a633-2428f3751410,1a7b155a-a6c8-584a-9308-3c64b02896c1,google,http://localhost:9000,41b96f4a-b33f-5f91-bb0f-ccc37ce3c7b0,pauline.barnes@crm-seed-data.abc,true,
05f80c3a-dec5-55ca-a04c-6ec48f2bec73,d6f5806e-d685-5f9a-9994-e1e632a9540a,google,http://localhost:9000,024caeed-bb19-5387-906e-d34bf78859a6,maurice.williams@crm-seed-data.abc,true,
69dbd903-0439-5cf4-940e-67414cb02f7a,010f9a75-c810-526b-9efe-aa9dd61a8880,google,http://localhost:9000,5b10e6c6-ddea-58cb-a783-ab585fd5e556,carl.owen@crm-seed-data.abc,true,
3e2d8f6b-eacd-584a-ac68-b7117833b172,6804dbaa-4027-5c0a-bf35-b99a43ee55a3,google,http://localhost:9000,634be0ee-3d03-58d0-9640-1b843956564f,vanessa.higgins@crm-seed-data.abc,true,
e80c82e9-b78b-5c1c-8306-d1f231a458ee,2a186f9e-21eb-5a11-89f6-a4a9e1a12070,google,http://localhost:9000,b70cf02f-488c-568e-b32f-8bda4aa819cd,mohammed.young@crm-seed-data.abc,true,
3b5cc1b0-65fa-5f00-badd-242d9113e09d,99939261-0892-56f0-a2d7-5e97dac2ac7f,google,http://localhost:9000,76ffa814-d320-57b5-8314-c4012dda389a,mandy.benson@crm-seed-data.abc,true,
65c31a19-91ac-5e4b-8efc-5cde70cd0e88,7299bfb3-bceb-5d74-bc89-e6b5e85abf99,google,http://localhost:9000,d5997255-7316-5024-9d45-211aaeea9a2a,justin.jones@crm-seed-data.abc,true,
2fa72c3c-0be3-59ee-a5df-135bedcee70b,35abc335-d60f-58d1-9b5f-baa65de05d34,google,http://localhost:9000,91541cfb-71f6-5901-a9e6-e7139d8590de,david.walker@crm-seed-data.abc,true,
3c27b4d7-c9d8-5a32-b7ea-c4be3ff6e8bf,8fca0db8-2dbf-5c28-a0b7-8ca3208de02e,google,http://localhost:9000,6b7e2826-a475-5c7e-bc8c-2ee354257b3f,sheila.mann@crm-seed-data.abc,true,
a3eb2c7f-2d14-5939-a695-2e10c9b46e90,d15b15ea-b401-56ec-9555-6eba7d555f70,google,http://localhost:9000,0b284ea0-8e95-5216-92d3-752a9727a891,emily.pearce@crm-seed-data.abc,true,
a9c66527-dad2-5a63-8131-e8e4c8575055,a1bf1b96-7e74-50fb-9e5e-3e43ec3a566d,google,http://localhost:9000,d531aed9-dbfb-594e-8d48-fbaa3a36b7bd,jessica.berry@crm-seed-data.abc,true,
5ff26136-56cc-55b1-a960-ff52892ba76e,990cb183-f4a1-5ba1-9154-d45cdbe4d959,google,http://localhost:9000,d17e9bbf-1ad5-5999-88c9-c8e9dc916776,cheryl.stone@crm-seed-data.abc,true,
e0a3f137-d38f-5b14-b022-7f4123879e60,22aab465-c25f-509c-9bc8-a32f1ab26a85,google,http://localhost:9000,53a6d0dd-0b2f-59d4-b691-f85c37d7b210,mark.cook@crm-seed-data.abc,true,
720924f5-6fe4-50f4-879f-f59472119180,5e9671fa-535c-53c8-b13d-8b97e9118c5d,google,http://localhost:9000,fd15ce84-3ca2-5142-ac50-441d79e214f3,ashley.thorpe@crm-seed-data.abc,true,
1363c625-3b7b-59f3-91dd-ed9ae383ac5b,1f26bfa2-1ff9-5432-b3a2-1e35f989bd61,google,http://localhost:9000,1559961b-7df6-58c6-8135-3d22a69ecdc9,jill.roberts@crm-seed-data.abc,true,
9490513a-93b8-5103-a390-691a23fbe72d,9f119bcc-f9f5-5ff0-99b3-e08e9303042a,google,http://localhost:9000,906fa1de-2436-5b76-8a37-2b492eeb96c4,christian.clark@crm-seed-data.abc,true,
f37a87e7-95e6-5c34-841f-6faef9cd14c3,0e118e2b-492d-542e-84f5-b073550ed565,google,http://localhost:9000,dd2220b7-1335-59dd-9c38-fc6044e2ab06,jennifer.cooper@crm-seed-data.abc,true,
caf2b9d3-7301-5af0-9e4d-4035cacbd688,d1d4438f-9dcc-588c-b415-37cac9ff2394,google,http://localhost:9000,dbab6365-f1c9-5df9-88e2-cd9edcc0b38f,marcus.oliver@crm-seed-data.abc,true,
dbc5d04d-c377-51c8-a2b8-12590a9ef2c7,602883a0-7c5d-5ed2-bcb6-c48385f0ebe7,google,http://localhost:9000,1c107f8b-d6fa-537d-acf4-a193c3fb0d49,nathan.kent@crm-seed-data.abc,true,
290d8546-ed9e-552d-a423-388b9c2ac5dc,fc36a7e5-92a7-5f6e-af01-f0539f66c91b,google,http://localhost:9000,cc43eeaa-d238-550e-8332-4328a9e814c3,mohamed.pratt@crm-seed-data.abc,true,
c895d2bb-7add-5c8d-88ba-ce41f87543aa,68f4a268-2ecb-5cb2-bd75-eeb07e8c6ae0,google,http://localhost:9000,f74d2c51-c64a-5398-99b5-49fbfb97aad8,login-f74d2c51@crm-seed-data.abc,true,
6a63c277-1b23-5b6b-94b5-c388280a0c16,bb6cd487-2c33-5cb7-b6ca-d74e871ab8e2,google,http://localhost:9000,1d66991d-a57a-5703-84ea-5f4a1cee6720,login-1d66991d@crm-seed-data.abc,true,
f712fb97-9af4-5bd2-8885-810cf64bf20b,dbe61808-a5c7-56d4-9e51-bd74b3b12304,google,http://localhost:9000,2f55596a-8dad-5e3a-8d84-89b2547366ae,login-2f55596a@crm-seed-data.abc,true,
0e9b8fb8-f807-5159-b75f-bd01aa077f7a,9924ce1d-48c1-5d11-9ef6-034175d315c5,google,http://localhost:9000,461032da-a32f-5bc3-b06f-3fe3b8cd7b5e,login-461032da@crm-seed-data.abc,true,
9606b781-b557-55d5-a34b-ef023c958508,e37c6399-bdcd-5f4a-92c9-9ae6408592f1,google,http://localhost:9000,8c9fd75a-10ee-5a7c-9642-1e51120b1b8b,login-8c9fd75a@crm-seed-data.abc,true,
35e3fa19-f397-5286-8176-ef41ceb7bcea,94107cea-93e7-530a-8843-8a02d5ac78f8,google,http://localhost:9000,8e6b08c4-55fa-5a73-b291-1b1eda2e4929,login-8e6b08c4@crm-seed-data.abc,true,
95605929-0bb6-5e02-be9c-23a4e8b178c7,c8e8ee31-4cd0-554e-ab5c-ee41f4cb15f4,google,http://localhost:9000,0aa1ec0d-62d0-55bf-ae6f-921eadb1888e,login-0aa1ec0d@crm-seed-data.abc,true,
1aea0c7e-8376-5350-bf3e-fba33029fa5a,e27bbfe5-9a0b-5887-9f44-5617fc0f135a,google,http://localhost:9000,3fdbd2d6-1c5b-559b-8ec8-34a141820de4,login-3fdbd2d6@crm-seed-data.abc,true,
4851c622-66be-510d-9e0f-da8b3e93ece7,b0fd3fd1-7bf3-5026-9fed-414735d55db2,google,http://localhost:9000,c49c9a46-1b35-51db-b88f-1b7d5fe50a10,login-c49c9a46@crm-seed-data.abc,true,
c0fa14f6-c796-5a2b-b82c-c74a12807c73,0b0993f1-7189-521f-8a8d-a486c73789b3,google,http://localhost:9000,c3aa2b2e-9e8c-57c7-98c4-cd7189ca037a,login-c3aa2b2e@crm-seed-data.abc,true,
13e9365c-12c5-5a60-904b-8b8ac37937bd,c81dc4bb-8a46-5939-9099-b00e0cdc4150,google,http://localhost:9000,913fe2cc-71a0-50ef-a0e8-4c7da5b2753d,login-913fe2cc@crm-seed-data.abc,true,
13a970dc-9fbc-5324-ae45-648a77a5b5b1,1c84fefb-08cf-5066-91ab-63e62c5f1a59,google,http://localhost:9000,7dabfe88-6c0a-5db1-a333-de0f73d4184d,login-7dabfe88@crm-seed-data.abc,true,
61c4f2d5-beb4-50a1-b618-36d8e18876c2,0129ae26-190f-5f94-abce-c81b4b35187e,google,http://localhost:9000,b9e69b94-8dc0-5f90-8a8f-70cecc13909e,login-b9e69b94@crm-seed-data.abc,true,
45c3ddcc-f7a7-59b8-9520-08f356ec7419,bb09a389-941f-5001-a334-f74cae799f78,google,http://localhost:9000,62161118-b953-595c-b7cf-4f4a50b36533,login-62161118@crm-seed-data.abc,true,
c80ab21b-d9b7-5804-8005-9c419863b76c,d4d33a64-5872-568a-a061-b18240b2bfc9,google,http://localhost:9000,c2d561e0-33b8-5935-ae38-e8efce352a35,login-c2d561e0@crm-seed-data.abc,true,
81b8f8d0-6fa8-5955-b81a-d3a15f1ced31,bae5754b-3814-516e-b66b-ba446e4d7241,google,http://localhost:9000,910eeae8-6bf9-53cc-8ca9-2c0ea6802d74,login-910eeae8@crm-seed-data.abc,true,
645eedde-fa92-5e36-8690-44c99537bfaa,89dca9d2-0b69-57f7-ba49-414afa2296eb,google,http://localhost:9000,95018112-2880-50f6-bcbc-db8ccebb730d,login-95018112@crm-seed-data.abc,true,
b45fad83-5a81-577e-8e9c-071f41a537ae,eed4c72e-6b3b-5325-acf3-12ae579af13b,google,http://localhost:9000,b28ab7b9-4aec-5e0c-aa3b-e387fa52440a,login-b28ab7b9@crm-seed-data.abc,true,
191a5824-79ee-5030-b2c8-c3eb4e4f2670,6c9abcde-2c48-5bbf-a447-5c6efb48a503,google,http://localhost:9000,0f7f0c90-c6b9-516b-ad0d-ddd6c3ab5084,login-0f7f0c90@crm-seed-data.abc,true,
6d7119d2-cfa3-5f22-a298-1f7213408087,d4e04462-a36f-5066-8a40-40e6b302a587,google,http://localhost:9000,e328cff8-2e93-5845-82f7-0d1828576a87,login-e328cff8@crm-seed-data.abc,true,
219dba2b-4705-51f3-b4cb-ab20e06b76dd,d050ea1b-4c35-5916-aa88-cefac386270f,google,http://localhost:9000,96bbe691-73f2-5852-ae71-bbaa11060bf1,login-96bbe691@crm-seed-data.abc,true,
21eb37ec-7575-5751-a4e1-5a2e0fc8482f,58ad9c13-e7cc-5d38-9a07-76bb2cc00b40,google,http://localhost:9000,428b2e7c-15e7-572d-aa8d-d2eff0325e32,login-428b2e7c@crm-seed-data.abc,true,
02292b60-5339-5f32-9d15-ca161f24c8f3,9e5fa2b1-d986-52c1-8d3c-a77a756b05e9,google,http://localhost:9000,2055dcc8-1609-575b-937f-e46921ab2044,login-2055dcc8@crm-seed-data.abc,true,
99786346-df24-57cd-a8fb-ffa98243fe7d,9646dc4b-2a8f-57db-8ffb-234e987c71bf,google,http://localhost:9000,7ffeecfb-b957-590f-8e7c-94548d7adb7b,login-7ffeecfb@crm-seed-data.abc,true,
6904d83d-ea51-5bca-8c5d-301d887d1ba5,4c503e5d-8f47-51ac-837a-9933929d65de,google,http://localhost:9000,4e9a56b8-266a-5796-a8b6-4bc0281e2d55,login-4e9a56b8@crm-seed-data.abc,true,
c509cf36-4bef-5494-89eb-2db242641477,6ced1d22-9a56-50de-8beb-bcb3c9bcecbe,google,http://localhost:9000,fb163a89-7ca0-5d98-afb4-909a21f4fc12,login-fb163a89@crm-seed-data.abc,true,
fab55e97-b947-513f-b579-72beb02998b8,5fb0720b-0c53-5c22-91a6-c8bfcdb2aa16,google,http://localhost:9000,7ac59208-9281-5c4e-ac4d-98f129561f07,login-7ac59208@crm-seed-data.abc,true,
7ab7804f-d574-5a3c-9c95-d2b85b0334a9,68865a51-3c82-58e7-b615-2578b428f067,google,http://localhost:9000,7ae7c623-fb0b-5233-8233-990f03955928,login-7ae7c623@crm-seed-data.abc,true,
2796d463-1e5f-5949-9de9-f123e25964ed,3c2067a0-c9b2-572c-8046-babf3631dac9,google,http://localhost:9000,4ce4bf63-98f6-560d-82a1-6f1f106af397,login-4ce4bf63@crm-seed-data.abc,true,
34df493b-da66-5d91-98c3-3a20cd703bf7,e90a10b3-fb6c-51a0-91a0-4e1ead58962d,google,http://localhost:9000,cac1d39f-5afd-5336-b132-195bc6adc9aa,login-cac1d39f@crm-seed-data.abc,true,
