id,contact_id,status
10000000-0000-4000-8000-000000000001,0501440c-0114-5d53-bb84-3db3dea7335c,active
7dcbd040-2d79-535c-8957-2ff734093907,0a00439f-76ff-5fae-b93c-22540659582e,active
8fac6f18-f4ad-5a97-990a-aed7b71de5be,cdc701e9-8c9d-5013-a8ce-96656d840406,active
0844501b-0df4-55d6-8039-574f2082909f,06992024-2cc2-5a57-a9e6-e6adaded018e,active
9da251ce-56a4-5ba1-b25b-ee741e0d9840,9a350f2f-c1fa-51a0-bc24-7ec6a370b01b,active
92259622-8061-5a7a-873c-1110fe204e6a,676d2791-cc38-5d3c-971b-c03280df17da,active
8b075f93-1fc3-5d12-ac99-c89ebfd56563,7e273cfc-ef90-5840-b7cc-e6b4d995ea42,active
8eb2101b-0423-545f-bc33-1004d7bbdc7a,41bc09ce-2a8f-5148-8050-00047e6dc98e,active
2e8987a2-f778-5632-a653-a416887e5235,82215045-ac74-5993-898d-42cbfb3c6344,active
d3833f66-6358-542e-84d6-b2067a8303aa,5c37cdb8-6b22-58b6-a889-485dc31d5c05,active
08fc90c2-0b43-5cbf-8c6a-8fe0cef3a64b,7f024ebd-5a64-5afe-b292-4d01fd190f50,active
72f48c96-944d-5326-8b61-5a95364ed3c9,9df7b8bf-351b-5e30-89a6-82005d1a179f,active
a99ac4bf-9e0a-509a-a9c2-6d35ab8d0b99,9812d956-d5e4-5d7e-8612-28026dcd072f,active
7a072078-8825-50d8-ac87-76d1fda547b4,85c08c7b-ff28-59f3-afb5-94373e48830e,active
672d4694-9c01-552a-84dd-5552ac31a367,95d21cc9-763d-51eb-9964-f9a3daa87e3b,active
203e9808-3018-57e6-ac48-fe63fd893144,8561f6b4-a461-5a0f-9bd7-cc73526e73bb,active
ee4d9810-7f28-5cf3-832b-b2866393fd14,59cce8c2-3411-5823-bb4b-1b5c9ad186eb,active
da0e55fd-e846-53f2-8605-ff7368237869,87fa71b1-aac6-536c-bf04-3d8fdc6b1282,active
46c255c2-1f8a-5e27-99b2-9129ce537fee,47dfaa82-3c6b-5e14-9fe7-e13640a5db9b,active
aaffe806-fddc-5400-9806-fc80148e57ee,c4e44d3e-20ae-5443-804d-353533332e60,active
f1ce4417-c665-55de-a1f7-22d9fbf1740b,0ba917eb-3677-5b87-a202-950180d75fb9,active
c17baeaf-5e65-5bd4-af2b-32486afe45a0,e6ed36bc-ca38-5f36-b58f-dcb6e544cb93,active
04959ca6-42c6-51f9-85bb-6f304292b420,1d3f89bf-5ddb-5aad-8069-0d4aa57e4722,active
84b0e270-1337-5616-992e-ff0c4b050554,d17408e6-e69b-5e70-84d5-7a78a69b0511,active
74cf3696-535e-531f-83f5-b337421bf68a,d596feae-e6d9-57f5-af88-aaf40d976564,active
43895735-2640-516d-9ab0-3d867598872e,4b1919f6-449e-5c65-879b-2252f8022b9b,active
28c6bda6-74cd-5cd6-869a-bf565aae43d7,cf2f656e-0260-56fe-9467-7514019dca3b,active
79f5d812-6d3d-5e8f-adf9-709d204006db,c2fa7270-6900-5480-88ba-997f55f702cb,active
c86e895e-d893-522b-9c3f-f9e470bc3f1c,a0517e92-fe0f-56cb-b503-c0c83c6388e1,active
ca829c86-5103-5314-9b89-29621c0e6e93,dbf82876-f28a-5d7a-a26c-2afde512e303,active
6e3548e2-f1cd-51bb-959b-a06fe1e0f36e,e2684d1f-12e6-593e-a215-c6841c1c0a39,active
62a1e330-44aa-5ec9-87b2-3500ec553a93,c131d73a-0531-5d67-b85a-8f322fb0b69a,active
9f3e8b27-9130-5afb-84fc-71965222dafc,a4874405-be60-516b-ab41-d592efe48b91,active
f9075bac-cfa4-532c-acfb-d971e5f219c7,b27432a5-ba16-54d0-962a-9888d43baf1e,active
67494388-0c72-5878-a6b4-8379cb708746,883ad074-9359-5c05-91cf-de363b036a85,active
1ae02d84-f947-59e8-82b7-6e3169e9686c,91ab2e53-2248-5260-9dad-cb2328e3749b,active
b4f007b3-640a-586a-883b-d7ecba318c18,465ffae9-67c5-500d-95d8-fc2f4cfcee66,active
9b9eb73b-ef0c-5ca4-ad43-e8469881623e,8735a13c-5a9b-547f-967d-a1fc5ba4a9f6,active
f7ac03cf-d4a3-53fd-9a23-66ccc1bc98c0,0a07e29f-8005-553e-9ff2-137415634b78,active
94f62b8d-dd19-5e7d-9032-2c41f2dc168f,7a7397f0-de78-5e21-bb48-a100ece9ca0f,active
00e478a3-4b0e-5ef9-8af5-df9befec2b53,98692391-b905-5d20-b106-668a3bf5261b,active
81d9f0a5-852b-55ca-834b-ce1682edcfbb,1ec5c14c-59f9-599a-9fc4-23008d29354a,active
76b9d024-8f9a-5bdf-9c24-9ab725728d62,16171277-0225-5774-8d63-abb743257d86,active
2234b964-6b51-5f1b-be97-ef60d2f9a067,4bda4f72-11f0-5651-a079-6d71111a267d,active
049a465e-05e1-5ba7-85ad-0fe0a830f3f1,a41605e3-deb1-549a-85c9-9e623ce74975,active
416ec29c-2bdf-5f7a-be8a-61f423de727f,749448bd-f9d3-50f1-bc98-1c80b2d1db58,active
7e957eeb-48af-535b-b351-dfa70f5e9a28,78f30369-838a-5c62-b1a4-2c22362b423e,active
1ec60d18-1175-55dc-9ffd-ee3b7d137c28,9640e768-eb89-582f-968e-25d1324bba64,active
d514a6e6-b6da-5ae9-93a6-198b61a56952,2cf80426-ea77-5450-88c6-92ac56a5e244,active
787861a6-01db-5a93-82ce-367c34e0cb18,b94bfeb4-273a-578a-bc67-2eda9be44306,active
cc124997-fc65-5a4e-ba11-96c53a901d4c,429bf62c-b37f-55c0-a176-dbb513564535,active
645cd3ed-0abb-524e-bc57-94da9e99db48,06cea260-a8dd-53d9-93a4-0a5a47de755e,active
47190b8e-81e1-550f-9edf-87dfa5a1f496,46cd9ac7-10c0-5d0d-8c78-84f28137fd89,active
29aefef8-fecc-5801-baac-c26de31e0a68,b311cab3-f0c5-5d5b-b932-8e8c1aa10e3b,active
f98b80db-a9b3-5f97-8256-406e804d2984,2ed0f6b7-8165-5709-a112-47fcd13a3b82,active
69141b2e-001d-54df-a171-aff2597df9c3,f0676f5d-b64c-527e-9fe4-801b44eddb83,active
0317eb3f-2df1-59a7-8816-fcc0974d8495,5d74374f-958a-5e5d-a908-353a60981f22,active
d258f969-99fe-5ae5-9c98-1ca67ca7d679,14ef1547-518d-5163-8234-c8c850269841,active
d0dc923f-eedf-5a3d-b1b9-8be0fdcb3d24,d37607d9-4dcb-55ee-a855-bcfbb12ab52b,active
ab2ca138-91c2-59f0-8151-082900623cec,fe392ae7-2066-5f45-8dba-451abe6a6b22,active
27f82115-d0e6-5ddd-849a-3b7ab8ea9320,bcd4e50d-a086-51aa-bf4a-6a3b0cb208e7,active
0157ed09-17f4-5085-bb16-5b786e72ca50,19cdfe76-77ee-5b64-ab74-64cb5b155900,active
0b2946cd-9a04-59b1-9c26-91ad99f1d303,b2bb188b-41c1-528c-bf27-379b78187379,active
ac3ff8d4-7734-535e-88e9-ed035ad446ae,6cc39d05-66f9-584b-bd89-ca166f1c7ac1,active
0a7c6af7-bb3a-5db5-8057-39b2f248ca24,e720385b-ae15-5bf0-b2f7-35cf3f25de8f,active
421d22d8-a7b0-59ec-905f-d144a3b30e24,16ec0249-98cd-59e0-a3e0-ad8ceb1f96e5,active
2f51698d-2f5e-592f-8ef6-c2abdbf3728b,c8360ad1-e880-50c0-b615-0ddd1203d00b,active
1c3b5d7e-1d22-5c13-974f-50f2085e3d93,4a721be8-77cb-5a60-940f-0801b137117c,active
fa9b2704-7c99-5c6d-8bb9-9502ea6cb630,895c7f58-c5d9-5c2e-95f2-ca0518ad3eb7,active
d6a1ab53-ca00-5c9c-bcfe-10547c9f73da,3fca11cb-99fd-5a1b-9a30-7658d15b1c10,active
1a7b155a-a6c8-584a-9308-3c64b02896c1,41b96f4a-b33f-5f91-bb0f-ccc37ce3c7b0,active
d6f5806e-d685-5f9a-9994-e1e632a9540a,024caeed-bb19-5387-906e-d34bf78859a6,active
010f9a75-c810-526b-9efe-aa9dd61a8880,5b10e6c6-ddea-58cb-a783-ab585fd5e556,active
6804dbaa-4027-5c0a-bf35-b99a43ee55a3,634be0ee-3d03-58d0-9640-1b843956564f,active
2a186f9e-21eb-5a11-89f6-a4a9e1a12070,b70cf02f-488c-568e-b32f-8bda4aa819cd,active
99939261-0892-56f0-a2d7-5e97dac2ac7f,76ffa814-d320-57b5-8314-c4012dda389a,active
7299bfb3-bceb-5d74-bc89-e6b5e85abf99,d5997255-7316-5024-9d45-211aaeea9a2a,active
35abc335-d60f-58d1-9b5f-baa65de05d34,91541cfb-71f6-5901-a9e6-e7139d8590de,active
8fca0db8-2dbf-5c28-a0b7-8ca3208de02e,6b7e2826-a475-5c7e-bc8c-2ee354257b3f,active
d15b15ea-b401-56ec-9555-6eba7d555f70,0b284ea0-8e95-5216-92d3-752a9727a891,active
a1bf1b96-7e74-50fb-9e5e-3e43ec3a566d,d531aed9-dbfb-594e-8d48-fbaa3a36b7bd,active
990cb183-f4a1-5ba1-9154-d45cdbe4d959,d17e9bbf-1ad5-5999-88c9-c8e9dc916776,active
22aab465-c25f-509c-9bc8-a32f1ab26a85,53a6d0dd-0b2f-59d4-b691-f85c37d7b210,active
5e9671fa-535c-53c8-b13d-8b97e9118c5d,fd15ce84-3ca2-5142-ac50-441d79e214f3,active
1f26bfa2-1ff9-5432-b3a2-1e35f989bd61,1559961b-7df6-58c6-8135-3d22a69ecdc9,active
9f119bcc-f9f5-5ff0-99b3-e08e9303042a,906fa1de-2436-5b76-8a37-2b492eeb96c4,active
0e118e2b-492d-542e-84f5-b073550ed565,dd2220b7-1335-59dd-9c38-fc6044e2ab06,active
d1d4438f-9dcc-588c-b415-37cac9ff2394,dbab6365-f1c9-5df9-88e2-cd9edcc0b38f,active
602883a0-7c5d-5ed2-bcb6-c48385f0ebe7,1c107f8b-d6fa-537d-acf4-a193c3fb0d49,active
fc36a7e5-92a7-5f6e-af01-f0539f66c91b,cc43eeaa-d238-550e-8332-4328a9e814c3,active
68f4a268-2ecb-5cb2-bd75-eeb07e8c6ae0,f74d2c51-c64a-5398-99b5-49fbfb97aad8,active
bb6cd487-2c33-5cb7-b6ca-d74e871ab8e2,1d66991d-a57a-5703-84ea-5f4a1cee6720,active
dbe61808-a5c7-56d4-9e51-bd74b3b12304,2f55596a-8dad-5e3a-8d84-89b2547366ae,active
9924ce1d-48c1-5d11-9ef6-034175d315c5,461032da-a32f-5bc3-b06f-3fe3b8cd7b5e,active
e37c6399-bdcd-5f4a-92c9-9ae6408592f1,8c9fd75a-10ee-5a7c-9642-1e51120b1b8b,active
94107cea-93e7-530a-8843-8a02d5ac78f8,8e6b08c4-55fa-5a73-b291-1b1eda2e4929,active
c8e8ee31-4cd0-554e-ab5c-ee41f4cb15f4,0aa1ec0d-62d0-55bf-ae6f-921eadb1888e,active
e27bbfe5-9a0b-5887-9f44-5617fc0f135a,3fdbd2d6-1c5b-559b-8ec8-34a141820de4,active
b0fd3fd1-7bf3-5026-9fed-414735d55db2,c49c9a46-1b35-51db-b88f-1b7d5fe50a10,active
0b0993f1-7189-521f-8a8d-a486c73789b3,c3aa2b2e-9e8c-57c7-98c4-cd7189ca037a,active
c81dc4bb-8a46-5939-9099-b00e0cdc4150,913fe2cc-71a0-50ef-a0e8-4c7da5b2753d,active
1c84fefb-08cf-5066-91ab-63e62c5f1a59,7dabfe88-6c0a-5db1-a333-de0f73d4184d,active
0129ae26-190f-5f94-abce-c81b4b35187e,b9e69b94-8dc0-5f90-8a8f-70cecc13909e,active
bb09a389-941f-5001-a334-f74cae799f78,62161118-b953-595c-b7cf-4f4a50b36533,active
d4d33a64-5872-568a-a061-b18240b2bfc9,c2d561e0-33b8-5935-ae38-e8efce352a35,active
bae5754b-3814-516e-b66b-ba446e4d7241,910eeae8-6bf9-53cc-8ca9-2c0ea6802d74,active
89dca9d2-0b69-57f7-ba49-414afa2296eb,95018112-2880-50f6-bcbc-db8ccebb730d,active
eed4c72e-6b3b-5325-acf3-12ae579af13b,b28ab7b9-4aec-5e0c-aa3b-e387fa52440a,active
6c9abcde-2c48-5bbf-a447-5c6efb48a503,0f7f0c90-c6b9-516b-ad0d-ddd6c3ab5084,active
d4e04462-a36f-5066-8a40-40e6b302a587,e328cff8-2e93-5845-82f7-0d1828576a87,active
d050ea1b-4c35-5916-aa88-cefac386270f,96bbe691-73f2-5852-ae71-bbaa11060bf1,active
58ad9c13-e7cc-5d38-9a07-76bb2cc00b40,428b2e7c-15e7-572d-aa8d-d2eff0325e32,active
9e5fa2b1-d986-52c1-8d3c-a77a756b05e9,2055dcc8-1609-575b-937f-e46921ab2044,active
9646dc4b-2a8f-57db-8ffb-234e987c71bf,7ffeecfb-b957-590f-8e7c-94548d7adb7b,active
4c503e5d-8f47-51ac-837a-9933929d65de,4e9a56b8-266a-5796-a8b6-4bc0281e2d55,active
6ced1d22-9a56-50de-8beb-bcb3c9bcecbe,fb163a89-7ca0-5d98-afb4-909a21f4fc12,active
5fb0720b-0c53-5c22-91a6-c8bfcdb2aa16,7ac59208-9281-5c4e-ac4d-98f129561f07,active
68865a51-3c82-58e7-b615-2578b428f067,7ae7c623-fb0b-5233-8233-990f03955928,active
3c2067a0-c9b2-572c-8046-babf3631dac9,4ce4bf63-98f6-560d-82a1-6f1f106af397,active
e90a10b3-fb6c-51a0-91a0-4e1ead58962d,cac1d39f-5afd-5336-b132-195bc6adc9aa,active
